siteid,longitude,latitude,xcoord,ycoord,p_point_elev01ft,p_point_elev10ft,p_pointwaternearangle,p_pointwaternearfeet,p_pointwaternearmeters,pr0050morigsqmtrs,pr0050mlandsqmtrs,pr0100morigsqmtrs,pr0100mlandsqmtrs,pr0250morigsqmtrs,pr0250mlandsqmtrs,pr0500morigsqmtrs,pr0500mlandsqmtrs,pr1000morigsqmtrs,pr1000mlandsqmtrs,pr0050mtreecsqmtrs,pr0100mtreecsqmtrs,pr0250mtreecsqmtrs,pr0500mtreecsqmtrs,pr1000mtreecsqmtrs,pr0050mtreecpctorig,pr0050mtreecpctland,pr0100mtreecpctorig,pr0100mtreecpctland,pr0250mtreecpctorig,pr0250mtreecpctland,pr0500mtreecpctorig,pr0500mtreecpctland,pr1000mtreecpctorig,pr1000mtreecpctland,pr0050melev10ftcount,pr0050melev10ftmin,pr0050melev10ftmax,pr0050melev10ftmean,pr0050melev10ftstd,pr0100melev10ftcount,pr0100melev10ftmin,pr0100melev10ftmax,pr0100melev10ftmean,pr0100melev10ftstd,pr0250melev10ftcount,pr0250melev10ftmin,pr0250melev10ftmax,pr0250melev10ftmean,pr0250melev10ftstd,pr0500melev10ftcount,pr0500melev10ftmin,pr0500melev10ftmax,pr0500melev10ftmean,pr0500melev10ftstd,pr1000melev10ftcount,pr1000melev10ftmin,pr1000melev10ftmax,pr1000melev10ftmean,pr1000melev10ftstd,pr0050melev01ftcount,pr0050melev01ftmin,pr0050melev01ftmax,pr0050melev01ftmean,pr0050melev01ftstd,pr0100melev01ftcount,pr0100melev01ftmin,pr0100melev01ftmax,pr0100melev01ftmean,pr0100melev01ftstd,pr0250melev01ftcount,pr0250melev01ftmin,pr0250melev01ftmax,pr0250melev01ftmean,pr0250melev01ftstd,pr0500melev01ftcount,pr0500melev01ftmin,pr0500melev01ftmax,pr0500melev01ftmean,pr0500melev01ftstd,pr1000melev01ftcount,pr1000melev01ftmin,pr1000melev01ftmax,pr1000melev01ftmean,pr1000melev01ftstd,pr0050mbldgvol,pr0100mbldgvol,pr0250mbldgvol,pr0500mbldgvol,pr1000mbldgvol,pr0050mbldgbulkorig,pr0050mbldgbulkland,pr0100mbldgbulkorig,pr0100mbldgbulkland,pr0250mbldgbulkorig,pr0250mbldgbulkland,pr0500mbldgbulkorig,pr0500mbldgbulkland,pr1000mbldgbulkorig,pr1000mbldgbulkland
2596,-73.96837016,40.58572922,993035.77855026,152671.95998549,10.0377311707,8.86188030243,-147.53886458899999,2123.12112109,647.1273177082321,7833.295764,7833.2971069999985,31374.811632,31374.809381,196245.780345,196245.787022,785188.0324029998,785188.043419,3141164.43544,3141164.444658,3228.89387,12009.515352,57085.838188,181257.816552,458852.104582,0.41220119439881775,0.4122011237279118,0.382775695767084,0.38277572322950076,0.2908895064527916,0.2908894965556658,0.23084638210452113,0.23084637886580167,0.1460770723764183,0.14607707194774336,843,2.01059150696,9.40009307861,8.02552509308,1.08772063255,3377,1.94477963448,10.0999727249,7.656003952030001,1.4330449104299998,21123,1.8184211254099998,23.5984954834,8.74629974365,2.5153889656099997,84520,1.4998922348,23.91836166380001,8.052236557010001,2.22716999054,337010,0.989193081856,32.128490448,8.02684402466,2.48038697243,84336,8.56000041962,14.1800003052,11.5827465057,1.10509419441,337731,4.32000017166,14.981111526500001,10.5968523026,1.5939462184900002,2112384,2.7233333587599997,27.122220993000003,10.4807596207,3.02980446815,8451751,-2.27000021935,27.1333332062,9.690320968630001,2.55504822731,33811231,-3.18000006676,29.822221755999998,9.49285793304,2.60915136337,10991.061084,110070.307601,654292.777928,2440002.66842,9902991.267801,1.4031209104234712,1.4031206698617569,3.5082380379532343,3.5082382896533715,3.3340476252674245,3.334047511830921,3.1075392997936864,3.1075392561956536,3.1526497486317786,3.1526497393800743
2616,-73.89589547,40.58540776,1013166.193941,152570.43976244,13.519877433800001,12.784865379300001,-144.360759863,510.86597287,155.711948530776,7833.295764,7833.2971069999985,31374.811632,31374.807849,196245.780345,170510.38825299998,785188.0324029998,560892.762396,3141164.43544,2207939.101125,2402.02673,8532.994821,37833.889902,61067.28569500001,229587.615805,0.30664318089955883,0.30664312832632107,0.27196959526274805,0.2719696280553307,0.1927882975903382,0.2218861284032901,0.07777409126844291,0.10887515366419626,0.0730899704627658,0.10398276641236137,842,8.13522434235,14.2971334457,12.198429107699999,1.4367213249200002,3374,0.9017801880840001,26.7968940735,11.5123319626,3.39421844482,18318,0.590771615505,28.503875732399997,12.334998130799999,3.6943256855,60018,0.590771615505,28.503875732399997,12.491293907200001,3.01527690887,237076,0.590771615505,29.0317020416,11.891494751,3.65786361694,84316,11.918889045699999,24.236667633099998,15.811367988599999,2.4885964393599997,337709,10.4911108017,29.0511112213,15.702719688399998,3.15300107002,1835371,-1.85000002384,29.0511112213,13.2040491104,3.3771944046,6037382,-1.8593332767500002,29.0511112213,12.7723617554,2.7878072261799995,23766054,-3.00788879395,29.1399993896,12.6971330643,3.0846641063700004,1651.279984,32178.944905,119048.296385,175798.322004,342217.839609,0.21080271111284954,0.2108026749712304,1.0256298996287787,1.0256300232935331,0.6066285663605767,0.6981879380179374,0.22389327746881785,0.3134259056098915,0.10894617160055288,0.1549942384890197
2818,-74.18730457,40.58940337,932228.3261147,154064.57880942,8.706344604489999,10.0436210632,15.1383750945,267.190200694,81.4395731715312,7833.295764,7833.296653,31374.811632,31374.810912,196245.780345,196245.775651,785188.0324029998,785188.0154060002,3141164.43544,3141164.439214,1215.4380199999996,7866.594209000001,39442.657687,131258.943215,360493.411987,0.15516304460069913,0.15516302699126178,0.2507296075995131,0.2507296133533428,0.20098601670649846,0.20098602151388023,0.16716880262845246,0.1671688062471629,0.11476426000490603,0.11476425986702075,845,7.0094461441,13.1838493347,10.3875598907,1.64214003086,3374,6.91244077682,17.6924514771,11.867265701300001,2.8684830665599996,21125,5.38763999939,36.43724823,18.7873497009,6.78590536118,84518,2.65697360039,72.0627975464,25.8734874725,12.9854354858,328366,-2.06783819199,157.296401978,23.1070709229,24.9533119202,84310,6.0499997139,14.3236665726,10.8317251205,1.8685485124599999,337720,0.151000007987,18.7976665497,11.429735183699998,3.1511449813800003,2112377,0.151000007987,44.8222236633,16.4458026886,7.66532659531,8451687,0.151000007987,124.403442383,24.8281078339,16.644828796400002,33811197,-0.6566666364670001,149.462219238,24.318746566799998,31.2564296722,4139.178931,17022.657696000002,136348.07017300001,504333.23535,953797.1079930001,0.5284083552701663,0.5284082953011585,0.5425580843531868,0.5425580968039971,0.6947821753583702,0.6947821919768554,0.6423088668411462,0.6423088807452345,0.3036444374677877,0.3036444371029695
2980,-74.10993219,40.59544835,953720.52189207,156230.45624467,283.275238037,284.02645874,113.94388102100001,584.000855179,178.00346065855922,7833.295764,7833.293376,31374.811632,31374.812217,196245.780345,196245.779148,785188.0324029998,785188.044011,3141164.43544,3141164.445635,2214.230089,14137.022703,96201.953032,394489.709594,1685888.766005,0.2826690266408789,0.282669112813272,0.45058510211361,0.45058509371221206,0.4902115748062303,0.49021157779627295,0.502414317735713,0.5024143103081604,0.5367082178137702,0.5367082160718238,847,274.513885498,300.000671387,284.64816284200003,5.2735004425,3377,253.996673584,323.997283936,284.22741699200003,11.100566864000001,21119,208.000579834,344.59997558599997,281.30505371099997,24.1657848358,84508,129.999908447,372.74987793,274.94094848599997,49.179779052700006,338117,50.00008773800001,412.200012207,256.28445434599996,90.23950195309999,84323,271.037445068,301.12878418,283.51144409200003,6.07233142853,337719,251.01666259799998,322.67843627900004,283.198974609,11.1349725723,2112364,206.15422058099998,344.258331299,280.284484863,24.0903263092,8451650,128.210006714,373.05166626,274.036499023,49.100914001499994,33811210,4.4699106638300004e-08,412.127349854,255.601699829,90.4676361084,10499.128155,30623.274521,183930.258842,651037.147912,2407462.836259,1.3403206608451508,1.3403210694454144,0.9760464821330276,0.976046463934124,0.9372444009682688,0.9372444066849858,0.8291480779700083,0.8291480657121154,0.7664236896027933,0.7664236871152796
3742,-73.92575199,40.60764139,1004866.46401716,160662.2714451,9.74340820312,10.0051050186,-126.378216666,1647.95610667,502.29702131301605,7833.295764,7833.298755,31374.811632,31374.810221,196245.780345,196245.782106,785188.0324029998,785188.018466,3141164.43544,2668489.574885,601.994778,3724.27227,35605.500882,138310.491463,457684.524486,0.0768507657743025,0.07685073643026143,0.11870261768206175,0.11870262302040141,0.18143320493009094,0.18143320330201074,0.17614951547301702,0.1761495185996513,0.14570536942358117,0.17151445101887805,842,7.14093494415,12.0109958649,10.0866174698,1.28221487999,3374,1.51485776901,12.599612235999999,9.41625499725,2.54155445099,21126,-0.399044752121,16.001367569,9.792760849,2.8807051181800003,84518,-0.399044752121,22.491903305100003,11.223018646199998,2.92203402519,287114,-0.399044752121,23.8959293365,11.356801033,3.21930932999,84301,5.18222236633,13.029999733,9.83212757111,0.9462252855299998,337742,5.18222236633,14.0022220612,9.858564376830001,1.1696369648,2112372,5.18222236633,18.3799991608,10.4129505157,1.47683751583,8451679,1.17000007629,22.5777778625,11.0703191757,2.2181611061099997,28723469,-13.2329998016,24.352222442600002,11.3012866974,3.14345645905,8963.031293,50687.70431,309227.562683,1246847.372094,4638514.960937,1.1442222485957954,1.1442218116957292,1.615554059878475,1.615554132533792,1.5757157282025531,1.5757157140629607,1.5879602345416954,1.5879602627278129,1.4766864506051425,1.738254855703118
4937,-74.18392925,40.63236018,933198.64951153,169712.83841199,4.79004812241,6.56178331375,-37.2342519964,40.9418207176,12.479066954724484,7833.295764,7833.293064,31374.811632,31374.811112,196245.780345,196245.777323,785188.0324029998,785188.035111,3141164.43544,3141128.085701,471.59926,2263.691764,28779.940759,88526.999851,356069.75202,0.060204449596727876,0.06020447034815548,0.0721499714660024,0.07214997266180195,0.14665253290238842,0.1466525351606992,0.11274624191618256,0.11274624152733705,0.11335597334627386,0.11335728512342297,839,4.64403915405,7.2791051864600025,5.6476802825900005,0.863235235214,3353,4.64403915405,8.44764900208,5.577231884,1.08750343323,21065,4.03793382645,12.469491958599999,6.38441896439,2.10478377342,83399,-1.47019958496,26.0995121002,6.7614107132,2.95313501358,330565,-1.5556266307799995,29.6996746063,6.50465536118,4.90100049973,84333,0.129222273827,8.44833278656,3.17703509331,1.66304898262,337720,0.045000061392800016,10.8395557404,3.25744605064,1.78524410725,2112373,-0.016999987885399998,28.8759994507,6.52953624725,4.84870195389,8451670,-0.213000029325,32.6007804871,8.27940940857,5.3134469986,33810782,-2.4857778549200003,45.66366577149999,8.222635269169999,6.76602840424,0.0,0.0,19730.995379,297429.131319,998586.9289930001,0.0,0.0,0.0,0.0,0.1005422656441984,0.10054226719245453,0.3787998785574252,0.3787998772509991,0.3179034238788974,0.3179071027185277
5007,-73.92932892,40.63185120000001,1003866.16073756,169481.71694756,21.8503265381,20.688213348399998,-3.3430910213,3284.89438323,1001.235808008504,7833.295764,7833.296795,31374.811632,31374.81054,196245.780345,196245.783007,785188.0324029998,785188.035646,3141164.43544,3141164.432288,889.7507630000001,5638.5516,30183.391898,146344.968028,535654.428604,0.11358574855415099,0.11358573360426337,0.17971587100300204,0.17971587725801133,0.15380403005322005,0.15380402796692644,0.18638206644607652,0.1863820656762774,0.1705273441149756,0.1705273442860912,844,19.6151885986,21.6942710876,20.6632823944,0.508105576038,3376,18.6881752014,22.3999195099,20.7791633606,0.822827875614,21127,13.9499416351,23.7999839783,19.878549575799997,1.61879050732,84523,9.0648651123,24.89984130860001,18.071977615399998,3.11023902893,338121,0.648952901363,33.596431732199996,16.4871788025,4.50577497482,84316,18.050998687699998,25.748998641999997,20.5100440979,1.74811327457,337730,18.050998687699998,25.748998641999997,21.2807006836,1.40016305447,2112379,11.3933334351,27.5174446106,20.4646492004,2.00651812553,8451699,7.501111030580001,34.6801109314,19.1170787811,3.5614895820599997,33811212,-0.755555510521,36.694000244099996,18.047878265399998,4.93335199356,17321.837174,55680.97562899999,317461.115023,1696758.9615129996,7083621.843311,2.2113089682643063,2.2113086772170485,1.7747031052199052,1.7747031669884308,1.6176710371295804,1.6176710151864833,2.160958765915237,2.1609587569899995,2.2550942457486336,2.2550942480115066
5390,-74.07547648,40.63930422,963303.17267807,172198.16536819,51.2245979309,47.8042373657,-0.8003904212430001,668.833025774,203.8603062559152,7833.295764,7833.297711,31374.811632,31374.810756,196245.780345,187537.284033,785188.0324029998,616824.404013,3141164.43544,1926353.197925,1274.580513,5275.043672,24424.342685,92864.179333,440583.972842,0.16271318630118306,0.1627131458581174,0.1681298913877731,0.16812989608204157,0.12445792537328454,0.13023726354436363,0.11826998820753448,0.15055205132746793,0.14026135272357526,0.22871401429217736,841,35.030090332,58.2563171387,47.1493682861,6.09344100952,3371,24.280441284200002,69.2663803101,45.877361297600004,11.287802696199998,20177,7.02674293518,96.7878570557,42.0716056824,22.4815692902,63961,7.02674293518,167.697265625,59.3699111938,37.8935165405,203848,7.02674293518,222.29913330099998,86.1012878418,57.50664520260001,84307,11.620444297799999,61.5358886719,36.156288147,18.0920391083,337727,8.73177814484,74.123336792,35.1978225708,21.115659713699998,2018643,-1.85000002384,104.48777771,37.4592552185,25.456554412800003,6639452,-1.85000002384,185.419342041,55.12421035770001,42.3223419189,20735091,-2.06599998474,235.83921814,84.529548645,62.3276405334,4918.718208,49910.865914999995,704485.170313,1721674.694039,4629459.982703,0.6279244849409723,0.6279243288676278,1.5907941217436534,1.5907941661594005,3.5898105379617102,3.756507267051149,2.192690951707407,2.7911909497061904,1.4738037685870229,2.403224905842652
5531,-74.07163473,40.64302601,964370.49443052,173553.21857247,8.39764022827,10.435267448400001,3.26109812666,38.591869690799996,11.762801881755841,7833.295764,4556.157337,31374.811632,16051.744738999998,196245.780345,76450.959512,785188.0324029998,276261.442758,3141164.43544,1090705.223913,0.0,0.0,92.293967,23881.050633000006,202012.277489,0.0,0.0,0.0,0.0,0.0004702978420109071,0.0012072309829612173,0.03041443532947659,0.08644366146280998,0.06431127107190204,0.18521253319413228,433,9.73729228973,12.9389123917,11.1932010651,0.8458489775660001,1296,9.85608482361,16.7819461823,12.7989578247,1.6751304864899998,6592,9.85608482361,28.6857223511,16.729434967,4.2225379943800005,27386,7.02674293518,97.84937286379999,32.779075622600004,21.571056366,113854,7.02674293518,199.698196411,69.9691925049,49.497993469200004,49060,-1.85000002384,10.8711109161,7.5617752075199975,2.27084183693,172770,-1.85000002384,42.732219696,9.22644233704,9.29054641724,822892,-1.85000002384,42.9944458008,15.0876293182,13.1538934708,2973684,-1.85000002384,103.807777405,26.5945014954,24.3050556183,11740272,-1.85000002384,215.777786255,66.2663345337,54.3850059509,4315.656234,29967.24732,284985.253365,961273.257661,3026659.382105,0.5509374807260246,0.9472140478892336,0.9551371231002264,1.8669152672974116,1.4521853813314918,3.727687071347584,1.224258671797514,3.47957806947044,0.9635469407321998,2.77495634544281
6385,-73.98266551,40.65929578,989059.85585131,179473.08999706,169.535934448,169.428863525,21.507746539499998,3200.76362426,975.592752674448,7833.295764,7833.298645,31374.811632,31374.813061,196245.780345,196245.78123800003,785188.0324029998,785188.020044,3141164.43544,3141164.4421220007,1033.413573,4658.569489,39275.143019,171830.882525,911933.927611,0.13192576970594264,0.13192572118511384,0.1484811938838416,0.14848118712110406,0.20013242042684595,0.2001324195161601,0.21884042475676366,0.21884042820135108,0.2903171566958291,0.29031715607825576,846,166.522766113,173.277404785,169.537200928,1.69869279861,3382,164.03692627,177.428573608,169.32835388200002,3.25361633301,21132,139.50138855,180.53276062,164.28793335,6.45590782166,84523,110.981300354,180.53276062,154.438064575,11.0934553146,338131,53.1621360779,187.513839722,125.630455017,28.4621200562,84320,164.731674194,174.18911743200005,168.75668335,2.10546302795,337726,159.956451416,179.518005371,169.635955811,3.5093638896900003,2112342,138.420227051,182.531661987,164.48274231,7.34398126602,8451725,109.508888245,217.67333984400003,156.48387146,13.4177865982,33811240,55.0313339233,218.300003052,132.44497680700002,32.3921089172,38326.158432,137364.918851,685302.011993,2483722.422589,7741029.2410550015,4.892724542348838,4.892722742859244,4.378191029867343,4.3781908304578705,3.4920598587558898,3.492059842865564,3.163219916874921,3.163219966664568,2.464382046898692,2.464382041656368
8161,-74.006777,40.707698,982371.486159,197107.01563792,14.686414718599998,13.2681627274,-51.4640714257,1144.26897084,348.773182312032,7833.295764,7833.293918,31374.811632,31374.811505,196245.780345,196245.778183,785188.0324029998,745958.694178,3141164.43544,2335206.04815,251.719369,304.304671,6930.150927,42026.376897,251109.740458,0.032134541651911507,0.03213454922476203,0.009699011887919403,0.009699011927179384,0.03531363025903944,0.03531363064808256,0.05352396516842205,0.0563387453286679,0.07994160943148004,0.10753215574143209,845,9.22287750244,19.2159461975,13.4118881226,2.45298981667,3378,7.13466596603,23.9957275391,14.027775764500001,4.25184011459,21132,3.8480472564699997,50.599945068400004,17.6524677277,8.56596946716,76807,1.7308900356299999,50.599945068400004,18.3473815918,10.7194604874,245699,-10.899999618499999,50.599945068400004,15.9230079651,10.3996801376,84326,8.5030002594,20.095556259200002,12.594335555999999,2.64505124092,337727,3.83222222328,25.966667175300003,12.8955354691,4.62139892578,2112363,-3.68000006676,50.6555557251,16.664148330699998,9.09765625,8029437,-57.430000305200004,50.6555557251,17.9617652893,11.105351448099999,25135914,-75.9177780151,55.7666664124,15.0381326675,13.1354312897,359013.536413,1469481.505707,10705831.89068,30089591.600462,70151147.85098499,45.83173509966807,45.831745900409615,46.8363451211365,46.83634531072221,54.55318260529807,54.55318320629944,38.321510719381976,40.33680662924488,22.33284799086252,30.040667249282016
8259,-74.01101043,40.71011387,981197.88362119,197987.30896227,27.010000228899997,25.450307846100007,154.308637962,1731.36795197,527.720951760456,7833.295764,7833.296912000002,31374.811632,31374.809089,196245.780345,196245.783825,785188.0324029998,785188.034718,3141164.43544,2530389.3436020003,306.0541350000001,839.9589490000002,10043.526649,37331.976068,252655.54240700003,0.03907092802579388,0.039070922299798055,0.02677176069937911,0.02677176286929152,0.05117830626138042,0.05117830535384242,0.04754526881127917,0.047545268671099615,0.08043372055166198,0.09984848499533505,837,21.5351371765,28.8283538818,25.552389144899998,1.88576686382,3377,16.9021453857,31.81224823,25.362623214699997,3.8201003074599997,21120,2.3985300064099997,35.59999465940001,23.9069461823,8.20388698578,84522,-6.2487215995800005,50.599945068400004,20.0599575043,10.7185306549,267110,-10.899999618499999,50.599945068400004,15.753961563099999,9.991754531860002,84323,-7.47555541992,30.832000732399997,26.892162323,2.44489097595,337670,-62.504444122299994,34.8522224426,20.3504695892,22.5669994354,2112342,-75.9177780151,48.2255554199,12.6096410751,30.0445079803,8451723,-75.9177780151,50.6555557251,16.9645900726,18.5969219208,27236894,-75.9177780151,55.7666664124,14.8798913956,12.539292335499999,550583.381135,1223525.908853,5342656.193738,32328156.291482,77544655.263052,70.28757725009604,70.28756694917935,38.99707584555165,38.997079006353786,27.224311189497232,27.2243107067322,41.17250258201782,41.17250246062735,24.686595323746534,30.645345333563355
8312,-73.82221741,40.71047404,1033538.31646887,198168.35241445,90.8787765503,89.9861068726,-120.225911937,866.6455288789999,264.1535572023192,7833.295764,7833.294709000002,31374.811632,31374.810566000004,196245.780345,196245.77439,785188.0324029998,785188.014891,3141164.43544,3141164.4250310007,2534.147773,10227.732972,71178.832413,225216.728098,822775.2979189998,0.32350977792085317,0.3235098214916402,0.32598547815880635,0.325985489234587,0.36270248607571404,0.36270249708177676,0.2868315853066988,0.2868315917038859,0.2619332145226422,0.26193321539062053,843,77.8023529053,94.35313415530001,88.91184997559998,3.5826072692900004,3378,62.2752189636,99.59999084469999,86.2266540527,9.297023773189999,21127,47.9353637695,111.601638794,91.3438186646,10.5320854187,84520,27.402824401900002,144.783813477,95.818107605,17.7485218048,338115,5.26051425934,151.631378174,90.02912139889999,27.1158847809,84308,80.8377761841,107.279998779,93.1652908325,4.15173006058,337706,63.1377792358,107.279998779,90.1345977783,10.7439928055,2112355,55.7644424438,116.080001831,93.28944396969999,12.3663339615,8451680,35.287776947,144.130004883,95.9580688477,17.9708805084,33811168,5.51222229004,151.346450806,89.3854904175,27.1405906677,0.0,23.208676999999998,100600.818348,2674641.617008,8929203.251234,0.0,0.0,0.000739723229966068,0.0007397232550991269,0.5126266570987861,0.5126266726542381,3.4063708393803354,3.4063709153524133,2.842641139855908,2.842641149275679
8555,-73.97937985,40.71852252,989966.38364872,201051.31600829,11.3888711929,11.0339441299,-20.082767189000002,1507.92155227,459.614489131896,7833.295764,7833.297711,31374.811632,31374.812474,196245.780345,196245.78321,785188.0324029998,778698.598176,3141164.43544,2398706.938528,3132.456267,12608.720592,69885.511513,206003.391521,604021.104865,0.3998899519913493,0.3998898525969735,0.4018739854087293,0.40187397462371205,0.3561121741835228,0.35611216898462705,0.262361858586337,0.2645483014911496,0.19229209972269135,0.251811130056457,843,9.71238613129,12.5749187469,11.1521577835,0.6867188215260001,3375,8.81275272369,14.1823711395,11.4980974197,1.3071063756899999,21135,6.18332719803,19.9519920349,12.3430356979,3.0501630306200003,83819,3.77346348763,33.8947181702,14.1598682404,5.83021640778,258178,3.77346348763,41.3999938965,19.0016021729,10.214345932,84303,8.85666656494,15.248888015699999,11.7786598206,0.9823881983759999,337713,6.143333435060001,17.5111122131,11.8660020828,1.64014995098,2112375,2.92000007629,21.763332366900002,12.253184318499999,3.2911427020999997,8381826,-3.85000014305,37.9900016785,13.5231752396,5.484989166259999,25819461,-4.39000034332,43.7999992371,18.2623844147,9.95079898834,28472.697042000003,222213.676717,1114657.0160090001,3891816.6430589994,13436903.827859,3.634829821293596,3.634828917840935,7.0825501463842535,7.0825499563111745,5.679903099314713,5.679903016393582,4.9565409589196525,4.997847244331855,4.277682402187525,5.601728002714973
9151,-73.94981668,40.73385473,998158.20411698,206640.62513836,12.387368202200001,10.5020570755,15.040120771300002,797.1291182660001,242.96495524747684,7833.295764,7833.295566,31374.811632,31374.814504,196245.780345,196017.625962,785188.0324029998,743615.6776010002,3141164.43544,2192050.0686080004,191.194332,358.518577,1984.679726,28031.911967,155528.150677,0.024407904126215244,0.024407904743166946,0.011426955521044066,0.011426954475038957,0.01011323516108695,0.010125006443985556,0.03570089050034393,0.03769677376549477,0.049512896848780956,0.07095100285540638,842,7.944159030910001,11.396018981900001,9.581203460689999,0.8473641872409999,3372,7.54789924622,12.3636932373,9.895936965939999,1.04813957214,21008,5.99071311951,14.1834363937,9.47358131409,1.49543619156,79425,-1.00993275642,28.9591255188,9.695890426639998,3.81649804115,235330,-2.54998612404,35.6994552612,12.0202846527,6.0048866272,84303,-13.470000267,15.239999771099999,11.810251236,4.4808397293099995,337710,-13.829999923699999,18.9166660309,11.3559741974,5.67595148087,2109897,-13.859999656700001,18.9166660309,10.8574056625,4.70072078705,8004192,-13.8600006104,34.0499992371,10.3249435425,5.4643979072599995,23595004,-13.8600006104,38.5400009155,12.8197021484,6.35897445679,7792.380206,75677.18569500001,396572.112151,2420064.835518,8222887.0507240025,0.994776712225263,0.9947767373699532,2.412036336110297,2.4120361153163743,2.0207930659901394,2.023145164649017,3.082146868835484,3.2544564462726777,2.6177830609406403,3.7512314013637993
9303,-73.75779766,40.73529001,1051372.81826686,207252.35251525,147.138259888,144.500488281,-139.476235897,1939.10991611,591.0407024303281,7833.295764,7833.297711,31374.811632,31374.816097000006,196245.780345,196245.780805,785188.0324029998,785188.031694,3141164.43544,3141164.443632,2109.889913,9985.588018,68313.173832,266747.451641,1372110.39878,0.269348940288526,0.26934887334068286,0.3182676643647299,0.31826761907155215,0.34810009016196664,0.34810008934602027,0.3397242961340643,0.3397242964408245,0.436815845518702,0.4368158443795081,848,123.01361084,150.789154053,142.312911987,6.494208335880001,3383,118.74080658,154.22091674799998,140.856185913,7.8341608047500015,21126,65.3955154419,164.107376099,140.55642700200002,14.497835159300001,84514,-4.45475673676,182.41940307599998,138.486251831,29.064393997199996,338121,-4.45475673676,210.197555542,137.51953125,35.6831893921,84323,138.852996826,154.7396698,148.758636475,2.807264328,337676,135.306106567,158.56088256799998,148.617889404,5.0189099311800005,2112381,104.150001526,166.062103271,144.217178345,14.2588949203,8451725,87.126663208,184.18144226099997,142.182220459,25.3931903839,33811230,73.56999969479999,211.66189575200002,139.122375488,34.9999694824,10833.724177,42168.450545,307923.21578200004,1275457.811762,3256255.199105,1.383035251495197,1.383034907735808,1.3440224291893843,1.344022237919414,1.5690692316577262,1.5690692279798288,1.6243979265177693,1.624397927984549,1.0366395220722913,1.0366395193687872
9373,-73.8655928,40.74078228,1021496.12095554,209189.13974817,22.2839660645,22.2274932861,20.6465261825,4599.69940756,1401.988379424288,7833.295764,7833.293329999998,31374.811632,31374.81688,196245.780345,196245.781239,785188.0324029998,785188.042567,3141164.43544,3141164.431318,1333.301717,4724.577706,21942.348906,102741.966733,400808.379868,0.17020954616925657,0.17020959905761635,0.15058505406870007,0.15058502888065303,0.11181055137810025,0.11181055086874594,0.13085014352366925,0.13085014182985732,0.12759866224954777,0.12759866241698942,839,18.4400978088,30.1199645996,22.908172607399997,3.0425589084599998,3372,15.0804777145,39.0999794006,24.3307228088,5.7082180976900005,21126,14.500000953699999,41.450927734400004,25.407459259,7.85902643204,84526,14.4547119141,53.09998703,27.7553501129,9.99652957916,338125,13.699999809300001,65.231262207,34.1376876831,14.8556270599,84309,19.1622219086,36.587223053,23.50499534610001,2.8189363479600003,337719,15.6966667175,43.59000015260001,25.524528503400003,6.4681687355,2112379,14.034444809000002,45.3450012207,27.8965492249,8.987074851989998,8451690,7.978555679319999,59.3022232056,29.7761707306,11.0655593872,33811258,-8.11539848655e-08,67.3111114502,35.0847015381,15.4842815399,28010.791399,93764.774032,524053.39102,2586298.296642,13248636.924177,3.5758628606532468,3.5758639717632037,2.9885366367065878,2.988536136820315,2.670393167683475,2.670393155518467,3.293858528035454,3.2938584853975423,4.2177470159473485,4.217747021482097
9452,-73.94110615,40.74247045,1000570.12931754,209781.10581873,11.1761426926,10.3422136307,27.205997542,297.177997735,90.579853709628,7833.295764,7833.296467,31374.811632,31238.684049,196245.780345,176809.20945,785188.0324029998,750180.9309319998,3141164.43544,2805878.946469,0.0,671.668007,4586.06962,25601.744372,87022.094322,0.0,0.0,0.021407873770784586,0.021501162019067228,0.023369010084892994,0.025937956706360923,0.03260587695618346,0.03412742621995636,0.02770376913101983,0.031014201247531063,848,8.32867431641,11.3645544052,10.1177616119,0.752013146877,3363,7.67374801636,12.800000190699999,10.4052448273,1.1246706247299998,19012,6.18320083618,16.768505096400002,10.9475479126,1.54910695553,80740,3.8614492416400004,32.5255508423,12.0554380417,4.34200668335,302005,-35.8940391541,75.3766937256,17.829223632799994,12.1501188278,84313,9.15999984741,14.7122220993,11.0265693665,1.40411233902,336264,-3.8544445037800004,16.4933338165,10.798789978,2.52245688438,1903165,-4.46000003815,25.471111297600004,10.6928491592,3.31088685989,8074873,-20.5566654205,36.644443511999995,11.771471977200001,4.45215082169,30202228,-55.284442901599995,76.5400009155,17.3754405975,11.8331575394,53550.008855,254066.327831,861344.012167,4763226.474451,14843482.306781,6.836204130208302,6.836203516692457,8.097780181471146,8.133067559199347,4.38910844683008,4.871601512423368,6.066351342459409,6.349436886556588,4.725471274063304,5.290136385056979
9636,-73.98737954,40.74869075,987747.25651681,212042.12581589,46.1483001709,63.88265228270001,-21.6577485439,4779.30479667,1456.7321020250158,7833.295764,7833.292869,31374.811632,31374.815583,196245.780345,196245.775103,785188.0324029998,785188.039176,3141164.43544,3141164.429554,23.133161,1047.610457,2313.059301,13936.484551,186084.803443,0.002953183653081837,0.002953184744508753,0.03339017519172974,0.033390170986937466,0.011786542859335076,0.011786543174170175,0.017749232000325577,0.01774923184722142,0.059240707472524946,0.05924070758353181,842,55.37246704100001,66.3324584961,62.5251731873,3.0190629959099997,3373,43.8863677979,72.9902038574,58.724193573,6.09039497375,21130,39.4530258179,72.9902038574,50.766418457,7.829671859739999,84484,33.481777191199996,79.2472991943,49.294494628900004,11.100381851199998,338092,-0.7780362963680001,80.6999969482,44.8891944885,14.0939264297,84312,44.8122215271,48.2333297729,45.915599823,0.264059513807,337728,35.6933326721,49.6244430542,45.6427154541,1.32594740391,2112375,13.470000267,60.206665039099995,44.949550628699996,4.53189754486,8451717,3.47000002861,81.8381118774,46.054725647,10.7055673599,33811193,-13.859999656700001,84.8799972534,42.9676094055,14.4235839844,284724.341569,1306207.725989,8613760.594317,26576114.000763,98988025.41625501,36.347962613326395,36.34797604667473,41.632368707411274,41.63236346468759,43.89271748505376,43.89271865748982,33.84681490805344,33.84681461609218,31.513162539161755,31.513162598211984
9836,-73.97104986,40.75342713,992271.28546763,213768.81493372,39.644008636500004,40.537357330300004,-33.153448898600004,1799.44678762,548.4713808665758,7833.295764,7833.294352,31374.811632,31374.812404000004,196245.780345,196245.77439,785188.0324029998,785188.017105,3141164.43544,2627374.7482950003,868.614193,4758.641289,25123.268862,80113.574367,237807.691061,0.11088745008096697,0.11088747006911914,0.15167075247542,0.15167074874345118,0.1280194092216062,0.1280194131063043,0.10203106906993903,0.10203107105783395,0.07570685837963428,0.0905115234190791,842,35.39882278440001,44.2865486145,40.1839637756,2.15502977371,3375,31.456785202,48.8237075806,40.0135612488,4.00479412079,21128,21.500478744499997,61.894584655799996,40.91173172,8.24854660034,84520,3.3590092658999997,70.0347290039,41.4385108948,11.3833255768,282825,-7.400000095369999,80.6999969482,46.1881256104,17.6720867157,84314,25.0659999847,46.6944465637,36.445526123,3.3384611606599996,337713,19.9722232819,49.5011100769,35.9012527466,5.8307518959000015,2112362,10.75,62.6633338928,37.5887489319,9.234266281130001,8451679,10.2633333206,78.35222625729999,40.2831039429,11.660334587100001,28280839,-13.859999656700001,84.8799972534,45.10000610350001,17.5764503479,321186.137725,1524114.105624,6762879.853523,31460453.004731,98701780.200544,41.002682319375275,41.00268971036363,48.57763366042064,48.577632465132744,34.461275252053106,34.46127629776681,40.067412780667354,40.067413561310026,31.42203543595077,37.566692861227814
10072,-73.82446806,40.75967232,1032878.43635931,216091.5356389,62.1594543457,60.3806114197,170.78035148799998,3318.28849027,1011.4143318342959,7833.295764,7833.294493,31374.811632,31374.812424,196245.780345,196245.784184,785188.0324029998,785188.033851,3141164.43544,3141164.423551,1916.200646,5389.420506,30324.671999,114176.81963,456205.486869,0.2446225322943136,0.24462257198581747,0.17177539005535217,0.1717753857191953,0.1545239441362216,0.15452394111339277,0.14541334676303172,0.1454133464948685,0.14523451294745632,0.14523451349715474,843,50.743522643999995,64.7087554932,60.2151603699,3.3247833252,3375,38.9475593567,68.0607452393,58.9227104187,7.37149953842,21129,35.7784729004,75.1613082886,58.7362594604,9.00898265839,84523,26.387035369899998,89.9474182129,58.064182281499995,12.8009710312,338090,8.71966457367,93.1999969482,50.5853424072,20.419162750199998,84312,48.8590011597,66.8578872681,59.8138885498,5.614652156830001,337697,41.4647789001,68.7937774658,59.170948028599994,7.08507442474,2112369,40.9920005798,76.50466918949999,60.802787780799996,7.16803455353,8451682,22.3090000153,92.9302215576,60.066745758100005,12.868221282999999,33811203,3.8210000991800004,96.0202178955,51.324268341099994,20.9110965729,64944.00707000001,242768.69568600002,1542725.5369809999,5191681.495648,16821902.178217,8.290764070018588,8.290765415245827,7.737694126532818,7.737693931208823,7.861190871308872,7.861190717526655,6.612023211509363,6.6120231993158365,5.355307728696051,5.355307748965367
10228,-73.95709994,40.76415461,996134.31592792,217678.77018589,36.869388580300004,38.1502494812,-34.1925535439,1013.75958883,308.993922675384,7833.295764,7833.2971069999985,31374.811632,31374.807849,196245.780345,196245.786864,785188.0324029998,673818.980917,3141164.43544,2140880.365285,583.78995,2908.968373,42046.905747,102513.341629,383318.977287,0.0745267340323038,0.07452672125487403,0.092716680091015,0.09271669127027711,0.21425635584664063,0.2142563487293557,0.1305589710980016,0.15213780634301757,0.12203085357844579,0.1790473599097965,844,33.543212890599996,43.3870697021,38.1704711914,2.5178596973400005,3374,29.7594871521,49.2995376587,38.6872177124,4.91619825363,21125,12.581085205099999,59.3197212219,38.381603241,10.944196701,72537,6.10000419617,77.3932189941,40.1368293762,16.9159793854,230439,5.56063556671,87.0,47.0818138123,18.203792572,84322,32.3211097717,42.1388893127,37.5088310242,2.55395483971,337714,27.337778091399997,49.6100006104,37.6895256042,3.77094578743,2112349,-17.7211112976,60.020000457799995,37.892539978,10.7324171066,7252913,-17.7211112976,78.0088882446,39.3516426086,16.0819339752,23044262,-17.7211112976,87.8877792358,45.098964691199996,17.4415588379,372137.059524,1283823.349079,3615586.4433279997,14705925.958485998,42437022.838712,47.50708651066835,47.50707836569235,40.91891814800872,40.918923081784506,18.42376654912936,18.423765937118606,18.729177409237614,21.824742809222602,13.509965400065921,19.822229923185212
10515,-73.93233023,40.77217759,1002993.61160596,220606.13688016,16.4218215942,16.9883728027,-156.85227930899998,671.258469666,204.59958155419682,7833.295764,7833.2920060000015,31374.811632,31374.809943,196245.780345,193548.988551,785188.0324029998,702917.0101109999,3141164.43544,2072751.796457,349.307284,3052.91122,34408.962637,116372.183809,341270.848321,0.044592633104106036,0.04459265449729743,0.09730452746005509,0.09730453269824928,0.17533606366724958,0.17777908784025118,0.1482093193051517,0.16555607864806585,0.10864469381820067,0.16464626826248166,839,14.682639122000001,21.074213028,17.4116439819,1.3918812274899999,3376,12.6164131165,30.493659973099998,18.492551803599998,3.6645991802199998,20791,8.5443572998,52.5999946594,20.6548290253,11.2775697708,75615,5.2302069664,52.5999946594,18.875322341900002,11.2607488632,222852,5.07780742645,55.4000015259,21.0363407135,11.261137008699999,84324,13.491110801700001,21.3363323212,17.471103668199998,1.56716191769,337731,9.09000015259,40.7900009155,18.8034267426,4.08051252365,2083355,-2.73255562782,55.61999893189999,20.8609924316,12.1922178268,7566124,-3.1900000572200002,56.2088890076,18.969848632799998,12.0219221115,22310979,-3.5611109733599995,56.363334655799996,20.8650455475,11.7240095139,5150.173638,57292.92982200001,538937.1513649999,2466677.5879220003,7064466.425609,0.6574721283561125,0.6574724437765328,1.8260804397488537,1.8260805380522336,2.7462356154488963,2.7844999625146087,3.141511951440405,3.509201729991538,2.2489960556997843,3.4082548801474672
10853,-73.96810987,40.78343477,993081.85502105,224701.87443906,124.366127014,125.853874207,46.2032173646,704.979271366,214.8776819123568,7833.295764,7833.2967,31374.811632,31374.812404000004,196245.780345,196245.776158,785188.0324029998,785188.017104,3141164.43544,3141164.42258,4799.481237,20637.222761,117434.386288,332255.786094,1043679.614272,0.6127026709571335,0.6127025977453401,0.6577640370580441,0.6577640208732831,0.5984046438173111,0.598404656584568,0.4231544195562431,0.4231544278011975,0.3322588281265212,0.3322588294867966,846,117.504959106,131.510772705,124.46439361600001,2.60048818588,3385,108.526451111,134.29977417,121.850227356,4.59248256683,21124,84.9114685059,142.299880981,113.888206482,9.430782318119999,84518,67.1369018555,142.299880981,105.857810974,11.4926490784,338109,45.705028533900006,142.299880981,96.4952697754,17.258140564,84334,115.71333313,130.91888427700002,123.042076111,2.38885474205,337725,106.98889160200001,132.863327026,120.38990020799999,4.34968471527,2112393,84.8899993896,143.28111267100002,113.06371307399999,9.58171844482,8451725,67.89888763430001,143.28111267100002,104.59685516399999,12.539319992100001,33811177,11.8655557632,143.28111267100002,94.7001342773,18.0902748108,0.0,0.0,241942.584692,2780674.99702,23500004.454811998,0.0,0.0,0.0,0.0,1.2328549651700282,1.2328549914735945,3.541412861973948,3.541412930976623,7.481303490410947,7.481303521039576
11103,-73.94094273,40.79175165,1000603.30925376,227735.90285398,8.17634391785,8.48325538635,-28.9564868237,1351.73354766,412.00838532676806,7833.295764,7833.294522,31374.811632,31374.816636000003,196245.780345,196245.78195,785188.0324029998,758496.082238,3141164.43544,2451692.612856,2966.777397,9602.265333,43990.859442,155059.522547,530924.632217,0.3787393565087401,0.3787394165593714,0.3060501349179861,0.3060500861057526,0.2241620653685602,0.22416206353524634,0.197480751295271,0.2044302220909107,0.1690215979230105,0.21655432228044316,840,7.65662765503,11.486185073900002,9.08299636841,0.9943218231200001,3377,7.060439586639999,13.0999994278,9.694631576539999,1.60448753834,21117,6.2792725563,15.3074884415,10.4917001724,2.1816136837,81457,5.84857988358,18.6999950409,10.8385744095,2.60040688515,263682,4.5095806121800015,71.8950424194,16.3285942078,10.5110750198,84310,2.1522223949400003,14.940000534100001,8.83180522919,2.1135437488599997,337725,1.98777770996,15.7011108398,9.05067157745,2.42037844658,2112365,-3.4288890361799997,17.4388885498,10.0685491562,2.23597621918,8164392,-3.4288890361799997,21.0588874817,10.7941179276,2.78078842163,26389788,-19.3600006104,71.992225647,15.669315338099999,10.3775043488,41493.758124,233307.850014,1409002.1809440001,5989822.210134,18742405.874135997,5.297100910538274,5.29710175041469,7.436151418230129,7.436150232231113,7.179783323070563,7.179783264350562,7.628519492079711,7.896971850481517,5.96670637890711,7.644680159272818
11174,-73.95612002,40.79436917,996400.25340962,228687.08642388,71.3950805664,70.45719146729999,172.897194735,446.584884985,136.119072943428,7833.295764,7833.295737,31374.811632,31374.808531,196245.780345,196245.787681,785188.0324029998,785188.034198,3141164.43544,3141164.405145,4097.636215,20592.610791,108995.543076,380665.957319,974244.459836,0.5231050043880355,0.523105006191087,0.656342133063105,0.6563421979341608,0.5554032442602632,0.5554032234983491,0.48480865933985884,0.484808658231549,0.31015391898754013,0.3101539219788235,842,47.994781494099996,92.0000457764,67.25830078119999,9.5226726532,3374,23.173831939699998,94.29970550540001,62.365287780799996,17.4875793457,21135,16.0009841919,109.31370544399999,64.3164749146,18.2062397003,84519,11.374605178800001,134.599990845,63.9710769653,30.259305954000002,338122,9.85587310791,134.599990845,62.7028884888,35.4240074158,84315,46.455554962200004,93.131111145,67.7748794556,9.25720214844,337731,25.4500007629,94.5177764893,63.1567611694,17.3633537292,2112399,13.1422224045,110.06111145,64.4337234497,18.4557304382,8451693,-19.1499996185,135.578887939,63.942741393999995,30.7266616821,33811120,-19.3600006104,135.578887939,61.6874656677,36.0041465759,0.0,0.0,9209.599112,1024695.462899,17909601.571506,0.0,0.0,0.0,0.0,0.04692890260269305,0.046928900848411184,1.3050319421744223,1.305031939191019,5.701580397842911,5.701580452831876
11389,-73.96547079999998,40.80209397,993810.0230131,231500.34091873,107.794418335,108.062339783,15.9259634956,1804.63085911,550.0514858567279,7833.295764,7833.295551,31374.811632,31374.809545,196245.780345,196245.780883,785188.0324029998,785188.042194,3141164.43544,2712104.605114,456.00989,3815.22085,28769.449593,171065.056572,801758.449885,0.058214307711412484,0.05821430929435385,0.12160139460753783,0.12160140269625978,0.14659907358223612,0.1465990731803406,0.21786508391941514,0.2178650812027193,0.2552424320227264,0.29562224420591593,848,106.739822388,108.18161773700001,107.803718567,0.313720554113,3377,103.56037902799999,108.85773468,107.44631958,0.990996003151,21119,89.1554641724,118.89994812,106.22925567600001,5.0549530982999995,84512,28.3882904053,130.600006104,101.634422302,17.7011947632,291926,-0.6893587112430001,140.899978638,83.3593521118,33.7963218689,84306,96.0211105347,110.08999633799999,101.93195343,3.3142719268799996,337674,96.0211105347,112.06777954100001,103.20397186299999,3.7757403850599998,2112357,81.2399978638,122.307777405,103.198646545,4.9362654686,8451670,19.7733325958,133.820007324,99.5445327759,19.026514053299998,29192862,-2.22000002861,164.14666748,82.0338973999,35.117893219,88556.2951,351278.346615,2054712.2924270001,7848899.6756380005,22053487.286391,11.305113169221064,11.305113476625413,11.196189820522203,11.196190565274074,10.470096675784909,10.470096647081556,9.996203904964169,9.996203780315259,7.0208000057475015,8.131503204119229
11548,-73.87200832,40.80862078,1019682.19829385,233902.288088,13.4094314575,12.612501144400001,61.35087419600001,609.85511397,185.88383873805603,7833.295764,7833.2958629999985,31374.811632,31374.813404,196245.780345,192563.238208,785188.0324029998,599261.386197,3141164.43544,2167676.340375,106.727893,454.376264,9065.639504,29997.77864,237956.299421,0.013624902750448475,0.013624902578252076,0.014482198947660601,0.014482198129728835,0.04619533468726109,0.04707876533633911,0.03820457954280633,0.0500579201846631,0.07575416833842644,0.10977482892110842,847,11.7504892349,13.699999809300001,12.562130928,0.474894583225,3382,10.957811355599999,14.188289642300001,12.4530897141,0.8378534317020001,20727,8.50915145874,16.8085212708,11.949772834800001,1.98040688038,64469,2.03534841537,17.7999992371,12.059783935499999,3.03786325455,230792,-1.48821568489,30.3499908447,14.6027812958,4.7025284767199995,84303,9.612000465389999,14.6983327866,12.028439521800001,1.26403093338,337733,9.05155563354,15.867777824400001,12.0445137024,1.60370028019,2072736,-0.8529998660089999,19.464445114100002,12.2361917496,2.33394694328,6450364,-1.7129998207100001,26.1995544434,13.525918006900001,2.8941347599,23332685,-5.81999969482,46.285556793199994,15.282951355,4.82635593414,14931.927615,99120.901087,672692.244412,1441875.859383,3374757.1284669996,1.9062126676773337,1.906212643585936,3.15925087454243,3.159250696112921,3.4278048844128377,3.4933575622849755,1.8363446714416471,2.4060883824558665,1.0743649999317146,1.556854713782215
11774,-73.947506,40.81790975,998780.23475031,237265.06007003,37.7494544983,38.646572113000005,152.079070997,3360.59069463,1024.308043723224,7833.295764,7833.294806,31374.811632,31374.809317000007,196245.780345,196245.776925,785188.0324029998,785188.025274,3141164.43544,3141164.418001,2782.242959,10421.06263,62513.69774600001,164409.516212,531292.623079,0.3551816556942149,0.35518169913238934,0.33214741660381103,0.3321474411114107,0.3185479842476152,0.31854798979899124,0.20938871891467695,0.20938872081579119,0.16913874902081621,0.16913874995983447,843,32.3038291931,65.3902359009,42.9494476318,8.56877994537,3382,28.4727611542,96.0726318359,48.2630119324,18.2524318695,21125,24.7862243652,130.199783325,61.6155166626,37.6617584229,84526,21.9571647644,151.800003052,67.246711731,42.1446609497,338113,4.18062973022,151.800003052,52.8014793396,38.1906394958,84308,31.8780002594,53.948890686000006,37.948970794699996,3.72854113579,337741,26.2344455719,106.326667786,43.9453277588,17.4891014099,2112391,4.3699998855599995,141.795562744,60.1286277771,40.2980651855,8451696,4.3699998855599995,154.86555481,66.5832366943,44.5272979736,33811225,3.09999990463,154.86555481,51.3140106201,39.269908905,16171.496228999995,110912.432148,1317040.160683,5159605.346573002,22755402.666275,2.0644562284141523,2.0644564808939987,3.535078822110839,3.5350790829477217,6.711176965780584,6.711177082737113,6.571171660350549,6.5711717200125435,7.2442570689832495,7.244257109201647
11899,-73.91509799,40.82381297,1007748.37235955,239422.84998001,24.5510025024,23.4240951538,-173.86613593200005,4587.84148423,1398.3740843933042,7833.295764,7833.292788,31374.811632,31374.813214,196245.780345,196245.775651,785188.0324029998,785188.0380909998,3141164.43544,3141164.457835,1080.114256,2147.278967,18919.534742,86288.192067,376488.83959,0.13788758761847766,0.137887640004297,0.06843958115783343,0.06843957770693104,0.09640734546617749,0.09640734777214345,0.10989494045511936,0.10989493965902672,0.1198564568420192,0.1198564559875,843,21.3623447418,28.1937599182,24.9891929626,1.3613191843,3374,19.4286193848,34.4338912964,26.68980979920001,2.6009342670400004,21128,12.483342170699999,50.97012329100001,31.918762206999997,7.66722583771,84512,9.700507164,54.5999984741,34.8321228027,8.932690620419999,338101,9.700507164,107.89981842,43.9322738647,18.3950901031,84308,16.3169994354,31.159999847399998,24.1170845032,2.2108061313599996,337721,15.846666336099998,35.4688873291,25.8730545044,3.35956931114,2112382,13.258889198299999,54.8588905334,31.7080783844,8.39947795868,8451693,0.649999976158,56.263332366899995,34.6971054077,10.0217761993,33811214,0.649999976158,113.68444061299999,43.732257843,20.1459827423,33507.146401,148810.06112,957520.74859,4154180.5406160005,17063132.275126994,4.277528566582538,4.277530191687761,4.742978630929044,4.742978391775678,4.8791915265983254,4.879191643303638,5.2906824469834195,5.290682408657059,5.432104121202069,5.4321040824737645
12260,-73.92097252,40.83784594,1006117.89161293,244534.05303834,27.8391628265,26.8177490234,163.906411206,2755.85952884,839.9859843904321,7833.295764,7833.298645,31374.811632,31374.810838,196245.780345,196245.780736,785188.0324029998,785188.024167,3141164.43544,3037361.884034,337.01199999999994,1361.413095,17133.364988999998,75324.557752,393511.540909,0.04302301485267906,0.04302299902929335,0.04339191294495164,0.043391914043067546,0.08730564784057802,0.08730564766663029,0.09593187191286617,0.09593187291911545,0.1252756896357381,0.1295570155724635,841,24.1553993225,31.8348922729,27.086919784499997,1.9485421180700002,3372,23.711750030500003,39.7556991577,29.34546852110001,3.8729496002199997,21125,21.8824806213,102.795349121,47.2367744446,19.3462352753,84528,15.1000900269,130.417449951,71.3972015381,29.093900680500003,326937,5.38301849365,157.800003052,73.1790161133,31.2217674255,84320,24.090000152600002,34.2555541992,27.8927898407,2.16739034653,337716,24.090000152600002,42.275554657,29.484960556,3.5600190162699996,2112351,16.8566665649,116.680000305,46.12246704100001,20.7111606598,8451742,13.2788887024,147.395553589,71.1195526123,30.423484802199997,32693875,-2.7866666317,161.015563965,73.3805007935,33.662357330300004,38033.567401,99474.937765,906142.200905,4348851.354518,15141711.530038001,4.855372316693749,4.855370530941887,3.1705349798353173,3.1705350600718094,4.617384380504907,4.617384371305233,5.538611358108348,5.53861141620399,4.8204135253801255,4.985152282851425
12639,-73.89351121,40.85625331,1013708.48364244,251248.59386798,56.654006958000004,57.8338012695,-23.1688895461,3730.51944348,1137.062326372704,7833.295764,7833.297711,31374.811632,31374.810481,196245.780345,196245.783368,785188.0324029998,785188.040714,3141164.43544,3141164.446894,676.3855480000002,2367.302538,12647.452143,71065.686963,343487.613261,0.08634750536402702,0.0863474839019814,0.07545232671884874,0.07545232948685361,0.06444700171777341,0.06444700072502196,0.090507858029254,0.09050785707125314,0.10935040820710357,0.10935040780836623,845,53.5196380615,61.2212982178,57.7004776001,1.9669349193599999,3379,47.8388824463,64.6979522705,57.362537384,3.89373779297,21123,40.1321220398,88.9213104248,60.648658752399996,10.062813758899999,84512,37.7367286682,128.556732178,77.47286224369998,21.2027759552,338122,33.3623199463,139.699996948,87.7531356812,22.8190803528,84312,45.183334350600006,62.5311126709,53.89762115479999,3.6641938686400004,337714,38.5649986267,64.6555557251,54.297283172600004,6.192134380340001,2112371,33.5544471741,93.0022201538,57.256828308100005,11.2310152054,8451700,33.5544471741,128.699996948,75.40804290770001,23.2107582092,33811250,25.960000991799998,142.128890991,86.1678009033,23.7490158081,34717.119407,92625.25795900001,811526.493751,3820638.319072,15821968.454238001,4.431993946475477,4.4319928448842285,2.9522171812668048,2.9522172895703105,4.1352557610376985,4.1352556973375885,4.865889648596998,4.865889597092889,5.0369755482163185,5.036975529849399
12900,-73.82181697,40.86695824,1033533.36464788,255181.0313178,17.3756580353,18.149225235,158.199367283,391.932193579,119.4609326028792,7833.295764,7833.294166,31374.811632,31374.811484,196245.780345,196245.769498,785188.0324029998,785188.01663,3141164.43544,3061897.01127,1595.752821,6968.639337000001,28111.481295,89414.401901,593234.165521,0.2037141031152823,0.20371414467316715,0.22210936016879546,0.2221093612165208,0.14324629678956677,0.14324630470715188,0.11387641967409384,0.1138764219616641,0.1888580422049451,0.19374726299985545,848,14.594250679000002,23.4656867981,18.167219162000002,2.01429533958,3383,10.8167724609,31.099996566799998,18.2186565399,4.1857910156199996,16571,4.700688362119999,39.6289978027,16.1274242401,5.08814096451,59624,-1.6471738815299999,39.6289978027,14.9284152985,5.44399881363,274890,-2.1953463554400003,91.4184799194,15.5224180222,8.96823596954,84313,7.952222347260001,20.0444450378,16.489526748699998,2.070925951,337728,7.24888849258,30.9566669464,17.1065101624,3.22186136246,2112391,-2.00699996948,38.4799995422,12.0936813354,8.41522884369,8451689,-2.7699999809299998,38.4799995422,9.662652969360002,8.93933677673,32957974,-2.7699999809299998,86.2333374023,12.1808347702,10.3436222076,25801.172383,158483.285103,509665.619016,1842941.4625779998,4633327.360184,3.2937824844526067,3.293783156387593,5.051290409704284,5.051290433532028,2.597078103386519,2.5970782469335942,2.3471339176398773,2.347133964789531,1.4750349608918147,1.5132211642422972
13385,-73.85739953,40.89092328,1023677.51671286,263894.41790325,171.153549194,172.139953613,147.01118382200002,1627.16624621,495.96027184480806,7833.295764,7833.297711,31374.811632,31374.809444,196245.780345,196245.784549,785188.0324029998,785188.036588,3141164.43544,3141164.423626,555.233529,3304.85228,23792.106878,105305.732627,625869.785394,0.07088121599489754,0.07088119837706497,0.10533456961473177,0.10533457696049872,0.12123627237321222,0.12123626977607471,0.13411530522787127,0.1341153045130456,0.19924769882552518,0.1992476995749009,841,167.687805176,180.908294678,172.430099487,3.1872155666400004,3370,164.054107666,192.19996643099998,173.61909484900002,6.3608946800199995,21120,145.018218994,203.10000610400002,171.630355835,11.0993852615,84522,56.0007095337,203.10000610400002,157.956665039,24.861825943000003,336532,2.65242171288,203.10000610400002,134.356811523,33.4913253784,84326,162.347000122,192.242218018,170.660079956,3.5308966636699997,337715,158.57800293,199.118560791,173.068115234,9.238883972170001,2112378,142.199996948,209.841110229,170.804977417,12.506465911900001,8451659,-1.7130000591299999,209.841110229,157.952224731,26.305986404400002,33811268,-1.7130000591299999,209.841110229,136.619155884,35.3883857727,24367.776947,98650.330951,602115.60772,2730014.4369240003,7488966.2476309985,3.1107949554245886,3.1107941822230583,3.14425253314936,3.1442527524215933,3.0681709775439807,3.068170911817265,3.4768925712851586,3.4768925527535512,2.3841369662591307,2.384136975225932
13516,-73.8797046,40.89535703,1017508.25048071,265500.55816768,209.66645813,212.19961547900002,170.725691604,2110.45167828,643.2656715397441,7833.295764,7833.297711,31374.811632,31374.812474,196245.780345,196245.78321,785188.0324029998,785188.037713,3141164.43544,3141164.444507,895.619184,7118.415988,78664.497094,443097.831166,1705745.010557,0.11433491227486352,0.11433488385642694,0.226883146630265,0.22688314054144423,0.4008468205314165,0.40084681467943784,0.5643206631791592,0.5643206593628214,0.5430295183887968,0.5430295168213372,843,208.34982299799998,216.91250610400002,211.81813049299998,2.66618967056,3372,189.999847412,219.87600708,210.26208496099997,5.031121253969999,21129,162.354568481,220.372894287,200.89880371099997,13.2878084183,84529,69.33228302,220.372894287,183.38983154299999,29.074436187699998,338103,-3.79999995232,247.65159606900002,144.12928772,62.8332214355,84301,207.82888793900003,222.11000061,211.338867188,2.5525448322299997,337712,188.45333862299998,222.11000061,210.633499146,5.66389989853,2112351,161.680007935,222.11000061,201.903060913,14.2863521576,8451698,66.4577789307,222.11555481,183.401931763,29.8672866821,33811257,14.2629995346,242.020004272,147.238128662,63.2910614014,6744.660323,24616.516797,38214.923477,170713.351553,717437.086826,0.8610245963132,0.8610243823018154,0.7845948873169636,0.7845948662609368,0.1947299116944995,0.19472990885162975,0.217417159340224,0.2174171578698945,0.2283984495467856,0.2283984488875113
10023,-73.99498011,40.75542591,985641.16326297,214495.74982837,41.8255882263,39.4797439575,151.774639261,2868.2429351,874.2404466184801,7833.295764,7833.292326000002,31374.811632,31374.812812,196245.780345,196245.77202,785188.0324029998,785188.0223010002,3141164.43544,3077646.483254,514.186258,892.4213779999999,9465.591449,27224.386719,174214.714092,0.06564111371398486,0.0656411425236015,0.028443880029220502,0.028443878959452256,0.04823335020176991,0.04823335224789114,0.03467244226288336,0.03467244270896887,0.05546182559767738,0.05660647349847749,844,28.1876907349,43.3999252319,38.0527267456,3.69481253624,3379,9.645783424380001,45.0,34.433921814,7.647764205930001,21131,-2.29944419861,48.4311828613,30.7139911652,11.559384346,84523,-4.08488321304,50.6996841431,33.0661468506,9.68532085419,329006,-4.49789619446,72.9902038574,31.865518569899997,15.9391946793,84318,15.9466667175,43.8533325195,38.6005783081,5.43757581711,337726,6.2133331298800005,45.528888702399996,36.3809051514,8.35231781006,2112341,-2.83000016212,52.486667633100005,34.9216423035,9.37223052979,8451688,-13.859999656700001,52.9700012207,32.594085693400004,10.7648296356,33127564,-13.859999656700001,71.0322265625,30.866130828899998,15.8446645737,65035.810184,240998.54208800002,3119309.5988,19225010.701191,73705207.446136,8.302483672694883,8.302487316621049,7.681274549619899,7.681274260728808,15.894912967383325,15.894913641666133,24.484594654804567,24.484594969816197,23.46429451911571,23.948561944062977
12757,-73.90809021,40.86070871,1009673.78140679,252867.29953252,146.94761657700002,149.41419982899998,144.305845629,1533.34923254,467.364846078192,7833.295764,7833.297711,31374.811632,31374.811285000003,196245.780345,196245.779183,785188.0324029998,783186.736392,3141164.43544,2601123.552339,574.2911780000002,3062.573634,33471.316476,148288.57794400002,428779.876906,0.07331411902500969,0.07331410080246856,0.09761249469547094,0.09761249577504828,0.17055814610208403,0.17055814711198378,0.18885740972156148,0.1893400016286521,0.13650348006882945,0.16484410228050475,838,141.518920898,162.87142944299998,152.185424805,5.42100334167,3377,134.531082153,163.199966431,150.499176025,7.35501909256,21113,66.0000686646,174.63847351099997,134.902709961,20.7799625397,84294,0.518538594246,177.546981812,113.493637085,39.6751747131,279952,-0.570100545883,182.399765015,107.48326873799999,38.5080909729,84327,133.449996948,162.723327637,146.32110595700001,6.023221492769999,337681,132.192214966,164.54888916,146.00352478,8.39898204803,2112359,61.0455551147,173.17999267599998,132.99470520000003,21.144895553599998,8430187,-1.7945555448500001,181.053329468,113.89015197799999,40.916595459,27998266,-2.12433338165,182.937774658,107.80620575,40.375755310100004,70789.108894,257209.81059,1209774.721225,3298340.190147,12753462.074285,9.036950860368409,9.036948614195216,8.1979714685415,8.19797155920965,6.164589725691002,6.164589762192439,4.2007010474328235,4.211435200424688,4.060106478474933,4.903058934980903
13193,-73.8001304,40.86722465,1039531.3386889,255291.03798723,6.9525637626600005,6.83773851395,150.681797856,283.038754746,86.27021244658079,7833.295764,7833.293376,31374.811632,30284.678562,196245.780345,139219.221766,785188.0324029998,564363.519984,3141164.43544,2496883.195791,3459.4676159999995,11319.361845,62102.40785,224437.679149,1162162.930757,0.4416362818698747,0.4416364165038518,0.360778639176118,0.3737652959342643,0.3164521944921516,0.4460763898995347,0.2858394039223038,0.3976828253452011,0.36997838051550763,0.46544545324188974,848,3.31242465973,8.261814117430001,6.14340353012,1.12617087364,3265,-8.14514714875e-05,16.2880439758,6.78262805939,2.0697278976400004,14910,-1.29645657539,42.2656173706,12.2524309158,9.824861526489999,60648,-1.29645657539,56.8994827271,14.0354537964,11.567612647999999,252331,-1.6736578941299998,57.0999984741,18.2471790314,11.8668766022,84308,5.54333305359,8.64555549622,7.02447605133,0.42775261402099996,325993,-2.9388887882200003,16.7600002289,7.30829906464,1.8291590213799997,1498557,-3.5633332729300005,44.535556793199994,12.6994543076,10.0861558914,6074754,-3.5633332729300005,54.395557403599994,14.4718446732,11.8491535187,26876135,-3.5633332729300005,58.5344467163,17.427507400499998,12.2219171524,0.0,717.928123,717.928123,59322.53623,88486.110816,0.0,0.0,0.02288230863090716,0.02370598457996604,0.003658311132794207,0.0051568175277311576,0.07555201274330242,0.10511405172269432,0.028169843583373325,0.03543862643040779
228,-74.23717181,40.51055198,918300.42086026,125370.79372021,55.987602233900006,56.7244415283,43.9068559625,1511.21603347,460.61864700165603,7833.295764,7833.296057,31374.811632,31374.809988,196245.780345,196245.78321,785188.0324029998,785188.039397,3141164.43544,3138319.287576,1215.951727,6381.03129,51192.597181,211917.145323,1172303.755523,0.15522862453224737,0.15522861872600865,0.20338070439574582,0.20338071505263516,0.2608596072282595,0.2608596034199598,0.2698934988533205,0.2698934964492656,0.373206745338306,0.3735450883420065,847,53.0937957764,59.781311035200005,57.114566803,1.70765864849,3380,50.7804756165,63.2987442017,57.2010879517,3.12943220139,21120,45.496871948199995,73.1769561768,57.095703125,6.5896792411800025,84516,29.0128898621,97.9187774658,57.004333496099996,12.680335998499999,337795,-0.750904202461,97.9187774658,44.706718444799996,19.0588493347,84312,50.96500015260001,59.7722206116,56.358921051,1.75061690807,337731,48.47999954220001,64.0299987793,56.4315261841,3.13058686256,2112342,44.0988883972,71.4011077881,56.3552856445,6.46070384979,8451693,26.784444809,96.2922210693,55.7179260254,12.5768136978,33780606,-1.03522217274,96.2922210693,43.1297073364,18.9383106232,13266.553288,55592.902798,309403.39058899996,1151885.159403,3388095.901984,1.693610670105166,1.6936106067566188,1.7718959861833663,1.7718960790284548,1.5766116858414432,1.5766116628244264,1.467018232407027,1.467018219339678,1.0786114422276052,1.0795892933510038
3685,-74.12778345,40.60779211,948769.51318645,160734.32620159,193.527099609,194.00289917,-62.0104345339,3700.54772661,1127.926947070728,7833.295764,7833.294709000002,31374.811632,31374.813697,196245.780345,196245.770609,785188.0324029998,785188.01893,3141164.43544,3141164.416664,2394.031169000001,8185.151543000001,51757.411165,180809.034888,661921.081662,0.3056224660892302,0.30562250725092693,0.26088289035819257,0.26088287318763104,0.26373770215089715,0.26373771523525696,0.2302748226238875,0.23027482657516102,0.21072474722873943,0.21072474848832579,845,180.549209595,202.38735961900002,194.281417847,4.49841499329,3377,164.35635376,212.980758667,192.659133911,11.942864418,21136,146.535217285,248.76486206099997,199.89453125,23.3560619354,84520,125.81636047399999,297.109313965,204.224319458,42.72706604,338120,81.44063568119998,327.995910645,195.156402588,61.52160263060001,84325,172.543777466,203.07234191900002,193.35208129900002,4.65475463867,337707,160.878890991,214.35832214400003,190.96710205099998,13.0658311844,2112367,143.543334961,252.692657471,199.468460083,23.97043228150001,8451659,122.940002441,305.14855957,204.866714478,43.026313781700004,33811183,78.6666717529,333.96554565400004,195.552581787,62.1408920288,8356.82965,30053.728901,223682.63410300002,1045063.5445719999,4472115.163678,1.0668344336500146,1.0668345773328924,0.9578935247007956,0.9578934616549988,1.1398086303296102,1.1398086868769528,1.3309723294860645,1.3309723523241483,1.4237125294115862,1.4237125379216873
6689,-73.94705854,40.66692571,998937.33127391,182256.84931354,113.423774719,110.509994507,-170.63130000299998,4257.21068881,1297.5978179492881,7833.295764,7833.297711,31374.811632,31374.812479000004,196245.780345,196245.782837,785188.0324029998,785188.035541,3141164.43544,3141164.444658,680.6071099999998,2962.708331,28861.664536,122097.321782,506678.629489,0.08688643075726966,0.0868864091612718,0.09442951772109621,0.09442951517186021,0.14706896874552516,0.14706896687799015,0.15550074217042223,0.15550074154896426,0.16130280343570322,0.16130280296234717,838,105.20085907,111.897506714,109.568145752,1.84536492825,3376,100.368087769,111.897506714,108.425361633,3.21977901459,21121,80.7047424316,114.86729431200001,103.58087158200001,7.26430368423,84515,48.0502853394,127.24467468299999,94.80660247799999,16.862365722699998,338102,31.2584285736,145.49847412100002,85.29523468020001,25.947109222399998,84311,101.95400238,122.05667114299999,114.85752105700001,2.82216382027,337733,99.80555725100001,122.05667114299999,111.987228394,4.9071197509800015,2112367,73.0510025024,122.05667114299999,105.791069031,7.748014926910001,8451708,38.452999115,133.996673584,95.96301269530001,17.7915363312,33811224,25.030000686599998,150.06111145,86.0889968872,26.3153800964,27270.18799100001,117628.544981,771387.0513170002,3402891.772195,13950447.878339002,3.4813172912897565,3.4813164259932985,3.7491394804432083,3.7491393792307735,3.930719172462725,3.9307191225490303,4.333855881349523,4.333855864029288,4.4411708349120165,4.441170821879044
7258,-73.99994669,40.68315644,984265.18628694,188165.72966141,39.0378265381,38.157958984400004,145.86761652299998,1986.35435773,605.440808236104,7833.295764,7833.293495,31374.811632,31374.811597000004,196245.780345,196245.768481,785188.0324029998,785188.01893,3141164.43544,2917150.12218,1466.908968,6080.024957,41180.439089,162864.79619000002,470320.71985,0.18726587278136123,0.18726592702499015,0.1937868194497404,0.19378681966591824,0.2098411441846281,0.2098411568705339,0.20742139394504835,0.20742139750418112,0.14972814366024095,0.16122609401347063,841,34.018363952600005,41.9577674866,38.2165374756,1.93268954754,3375,26.280584335300002,45.443321228,37.7376251221,4.300579547880002,21104,4.51698446274,56.154983520500004,35.2513008118,12.0480508804,84494,-7.01702785492,62.6998062134,30.339498519899998,16.7985610962,305303,-7.01702785492,62.6998062134,22.776371002199998,15.7245025635,84312,32.6300010681,44.2540016174,37.6233024597,3.4743406772600003,337724,25.8309993744,47.3600006104,37.7644958496,4.24666929245,2112371,3.1400001049,58.89199829100001,35.979682922399995,11.424947738599998,8451695,-9.09555530548,65.1363296509,31.771873474099998,15.645980835,31399932,-9.33077716827,65.1363296509,23.132717132600003,15.5229597092,44917.931863,181130.786499,1042054.899824,3506155.5395400007,11527946.614244001,5.734231569479648,5.734233230463174,5.7731274572581,5.7731274636982794,5.309948055912682,5.309948376924566,4.465370579846609,4.465370656467666,3.669959612486577,3.9517838065972115
8745,-73.99654414,40.72376657,985208.30307777,202961.2305868,38.041103363000005,38.9385528564,171.023156642,4261.14165644,1298.795976882912,7833.295764,7833.293918,31374.811632,31374.815038,196245.780345,196245.77813,785188.0324029998,785188.032622,3141164.43544,3141164.431213001,75.320838,434.390027,11604.682794,68098.95610499999,352390.184924,0.009615472244282795,0.009615474510272294,0.013845183585324035,0.013845182082312934,0.05913341307822758,0.05913341374565855,0.08672948809037377,0.08672948806618368,0.1121845710935024,0.11218457124446683,843,36.5834655762,40.2290916443,38.8826942444,0.9447368979449999,3375,34.1640701294,41.4767303467,39.1056289673,1.60728430748,21128,25.9256095886,45.0999984741,38.634475708000004,4.1529459953300005,84520,10.208614349400001,45.5999984741,34.591041564899996,8.66406440735,338100,2.60011482239,62.9998664856,29.538059234600002,11.0286312103,84303,30.1811103821,40.414443969699995,37.275547027600005,2.44328975677,337741,21.9766674042,44.6477775574,36.121219635,3.54822063446,2112369,8.88000011444,52.1488876343,36.671981811500004,6.58317565918,8451695,4.98888874054,52.1488876343,32.5639228821,10.0473966599,33811281,-5.716666698459999,64.1500015259,27.7115497589,11.1959724426,101968.702613,536116.934937,2908214.387689,9980626.563165,38010725.048952,13.017343616926146,13.017346684603233,17.087494937824587,17.087493082833323,14.81924545117026,14.819245618433115,12.711129247118244,12.711129243572929,12.10083898190692,12.100838998190767
9497,-73.77943409999997,40.7423826,1045370.13965873,209820.56027333,45.998306274399994,47.3323860168,-1.63296222785,2740.09572935,835.1811783058799,7833.295764,7833.297711,31374.811632,31374.813918,196245.780345,196245.78268,785188.0324029998,785188.0293909998,3141164.43544,3141164.443319,2976.671812,11821.189283,62216.751748,250131.999223,1077625.1835450002,0.3800024793752955,0.380002384924037,0.37677323521978556,0.37677320776771467,0.3170348510863417,0.3170348473141517,0.31856318346765006,0.31856318468966605,0.34306551143479097,0.3430655105742779,847,45.1538772583,63.299995422399995,50.0788002014,4.7658290863,3378,43.4678688049,63.299995422399995,48.493774414099995,3.0311381816900003,21123,38.2062606812,63.299995422399995,49.865325927700006,3.4206542968799996,84511,33.660243988000005,85.3294372559,53.357135772700005,6.49332380295,338115,26.1002540588,101.39991760299999,57.2640266418,13.4405765533,84304,43.7099990845,63.61999893189999,49.1982307434,4.684234619140001,337719,42.1211128235,63.61999893189999,48.118434906000005,3.0282864570599997,2112364,37.086666107199996,63.61999893189999,49.901927948,3.618171453480002,8451681,31.8955554962,87.2944488525,53.5137443542,7.046769618989999,33811259,-1.89679951745e-08,102.370002747,58.1278190613,13.7526960373,0.0,14545.709025,217219.302005,921342.05264,3613226.600685,0.0,0.0,0.4636110391867483,0.4636110054075891,1.1068737458870634,1.106873732717098,1.1734030762291583,1.1734030807303604,1.1502825385131026,1.1502825356278426
9929,-73.98937474,40.75612438,987194.10154654,214750.36374707,47.958137512200004,48.7279586792,136.31310883,3927.24729073,1197.024974214504,7833.295764,7833.295737,31374.811632,31374.810581,196245.780345,196245.787212,785188.0324029998,785188.034158,3141164.43544,3141164.425011,0.0,0.0,607.14508,21020.924772,144429.717101,0.0,0.0,0.0,0.0,0.0030937994128212042,0.003093799304563489,0.026771835413317856,0.026771835353479226,0.04597967412067969,0.045979674273337094,847,45.9921417236,50.804885864300005,48.5374336243,1.19072926044,3378,42.544593811,52.8871307373,48.0843276978,2.46574354172,21133,23.7889633179,58.0648956299,46.294094085699996,6.44502592087,84521,-1.94716966152,64.7679901123,43.555973053,10.9499311447,338114,-4.49789619446,80.6999969482,45.579093933100005,16.3946056366,84306,31.4300003052,51.6619987488,48.9367332458,2.9325387477900002,337698,29.23999977110001,53.38555526729999,48.0997123718,3.60673522949,2112354,17.8700008392,57.645557403599994,44.3774490356,6.949151039119999,8451654,-2.56666636467,68.8099975586,43.130458831800006,9.68738365173,33811170,-13.859999656700001,84.8799972534,44.4215927124,16.0169353485,1091564.162999,2947731.476818,9255229.761628,32349697.520663,107306550.80082,139.34928488409363,139.34928536440626,93.95216492109648,93.95216806832585,47.16142046650536,47.161418816240776,41.19993706686991,41.19993697478254,34.16139237734269,34.16139249076216
