p_geoid,p_xcoord,p_ycoord,d_geoid,d_xcoord,d_ycoord,tripminsdelta_avg,tripminsdelta_mdn,dp_count,osrm_dura,osrm_dist,osrm_rval
360050001001002,-73.88249167,40.7928562,360050025005000,-73.92035969,40.8067555,34.5,37.0,4,821.3,11860.1,1
360050001001002,-73.88249167,40.7928562,360050028003001,-73.8789495,40.81990549,36.0,36.0,1,991,14977,1
360050001001002,-73.88249167,40.7928562,360050053002001,-73.92254253,40.85257756,53.0,53.0,1,1109.5,17182.1,1
360050001001002,-73.88249167,40.7928562,360050075002001,-73.90711175,40.82145356,34.0,34.0,1,971,13754.8,1
360050001001002,-73.88249167,40.7928562,360050123001002,-73.89260184,40.83089453,30.0,30.0,1,979.7,14799,1
360050001001002,-73.88249167,40.7928562,360050185001004,-73.91116772,40.82692054,43.0,43.0,1,963.9,14185.3,1
360050001001002,-73.88249167,40.7928562,360050185001007,-73.90842937,40.82577568,28.0,28.0,1,950.1,14005.7,1
360050001001002,-73.88249167,40.7928562,360050219001007,-73.92006878,40.83951196,59.5,59.5,2,1058.2,16387.6,1
360050001001002,-73.88249167,40.7928562,360050332013001,-73.86900671,40.86011899,27.0,27.0,1,1195.2,20060.4,1
360050001001002,-73.88249167,40.7928562,360050393004000,-73.88372538,40.8527126,64.0,64.0,1,1135.1,18202.2,1
360050001001002,-73.88249167,40.7928562,360050399011001,-73.89585617,40.8632299,36.0,36.0,1,1124.3,18817.8,1
360050001001002,-73.88249167,40.7928562,360050407025000,-73.88764209,40.86936136,32.0,32.0,1,1207.1,20049.4,1
360050001001002,-73.88249167,40.7928562,360050516002000,-73.79025453,40.85273009,41.0,41.0,1,1465,23888,1
360050001001002,-73.88249167,40.7928562,360470082002002,-74.00971098,40.65067139,103.0,103.0,1,1463.4,23502.3,1
360050001001002,-73.88249167,40.7928562,360470255002000,-73.95106762,40.69630033,68.3023255814,60.0,43,1023.9,15336.1,1
360050001001002,-73.88249167,40.7928562,360470285011001,-73.94270956,40.69910561,53.1333333333,48.0,15,1058.8,15422.2,1
360050001001002,-73.88249167,40.7928562,360470299002000,-73.92530322,40.67870158,76.6666666667,80.0,12,1257.4,17543.6,1
360050001001002,-73.88249167,40.7928562,360470328003000,-73.99929772,40.57618617,122.0,122.0,1,2082.3,31786.1,1
360050001001002,-73.88249167,40.7928562,360470545005000,-73.96425414,40.70566182,70.0,70.0,1,1042.4,14933.2,1
360050001001002,-73.88249167,40.7928562,360610022021000,-73.97894624,40.72053721,105.0,105.0,1,1136.1,17790.4,1
360050001001002,-73.88249167,40.7928562,360610062001002,-73.97513772,40.73919387,79.8333333333,75.5,6,1074.5,15993,1
360050001001002,-73.88249167,40.7928562,360610101001002,-73.99228587,40.75126331,68.5,68.5,2,1061.3,16294,1
360050001001002,-73.88249167,40.7928562,360610115001000,-73.99225221,40.75784658,79.5,79.5,2,1107.9,16865,1
360050001001002,-73.88249167,40.7928562,360610145001001,-73.98596869,40.77014727,90.0,90.0,2,1137.6,13698.6,1
360050001001002,-73.88249167,40.7928562,360610151002000,-73.98767885,40.7728963,60.0,60.0,1,1173.1,14100.8,1
360050001001002,-73.88249167,40.7928562,360610212002001,-73.93900059,40.81376926,23.5,23.5,2,889.3,13370.5,1
360050001001002,-73.88249167,40.7928562,360810163003002,-73.90930892,40.75676922,12.25,15.0,4,615.7,5276.8,1
360050001001002,-73.88249167,40.7928562,360810697024007,-73.86291936,40.71817954,46.0,46.0,1,874.1,12548.6,1
360050001001002,-73.88249167,40.7928562,360810942034000,-73.80552093,40.58732101,103.0,103.0,4,1788.3,29330,1
360050001001002,-73.88249167,40.7928562,360850128063000,-74.1131629,40.56403103,91.0,91.0,1,2317.2,40415.4,1
360050001001002,-73.88249167,40.7928562,360850207001028,-74.13649756,40.63767456,110.0,84.0,7,2368.3,40567.4,1
360050001001002,-73.88249167,40.7928562,360850277022001,-74.16720254,40.58608784,120.0,120.0,1,2482,44177,1
360050001001002,-73.88249167,40.7928562,360850303012001,-74.14828678,40.62358154,144.0,144.0,1,2286.8,39865.3,1
360050002001000,-73.85985324,40.81416482,360050028001007,-73.87502166,40.82293938,22.0,22.0,1,214.2,3396.5,1
360050002001000,-73.85985324,40.81416482,360050244002002,-73.85649989,40.8448924,13.0,13.0,1,355.6,4727.7,1
360050002001001,-73.86077348,40.81404646,360050023003000,-73.92406135,40.80828737,22.0,22.0,1,418.2,7270.3,1
360050002001001,-73.86077348,40.81404646,360050224032000,-73.86618898,40.85557023,33.0,33.0,2,354.7,5772.8,1
360050002001001,-73.86077348,40.81404646,360050324001004,-73.85813467,40.86042337,16.0,16.0,1,415.8,6967.1,1
360050002001001,-73.86077348,40.81404646,360050365011001,-73.88469728,40.84667105,20.4,19.0,20,356.1,5383.2,1
360050002001001,-73.86077348,40.81404646,360470371003000,-73.91332958,40.68038624,37.0,37.0,1,1376.2,23423.4,1
360050002001001,-73.86077348,40.81404646,360610180004000,-73.9400784,40.79586143,26.0,26.0,1,545.2,9486.4,1
360050002001002,-73.86169908,40.81392205,360050019004003,-73.90357925,40.80622254,14.0,14.0,1,357.9,5508.6,1
360050002001002,-73.86169908,40.81392205,360050087002002,-73.89562238,40.82008345,13.5,13.0,8,290,4272.9,1
360050002001002,-73.86169908,40.81392205,360050252001000,-73.85583247,40.84962744,25.25,23.0,4,371.8,5091.2,1
360050002001002,-73.86169908,40.81392205,360050261001000,-73.90572053,40.86706033,40.3333333333,34.0,3,610.3,9705.8,1
360050002001002,-73.86169908,40.81392205,360050266023008,-73.83511766,40.84418619,20.6363636364,18.0,11,370.9,5171.8,1
360050002001002,-73.86169908,40.81392205,360050420001002,-73.86149395,40.89312396,39.0,39.0,1,611.4,10189.3,1
360050002001002,-73.86169908,40.81392205,360050462011020,-73.82936665,40.87986427,28.6666666667,19.0,3,624.6,10566.8,1
360050002001002,-73.86169908,40.81392205,360470326003001,-73.99153047,40.57514235,87.0,87.0,1,2226,39052.2,1
360050002001002,-73.86169908,40.81392205,360471110001000,-73.8818892,40.66128909,58.5,52.0,4,1446.4,28072,1
360050002001002,-73.86169908,40.81392205,360610140003001,-73.95882662,40.77362982,17.6666666667,18.0,3,776.4,13065.4,1
360050002001002,-73.86169908,40.81392205,360810522001006,-73.75632711,40.70033869,44.0,44.0,1,1182.9,21799.5,1
360050002001003,-73.86262473,40.81379683,360050020002002,-73.86404028,40.81578259,7.0,7.0,3,38.9,317.5,1
360050002001003,-73.86262473,40.81379683,360050051002009,-73.92808644,40.81210765,19.0,19.0,1,520.1,7171.5,1
360050002001003,-73.86262473,40.81379683,360050054001001,-73.87807539,40.8300224,12.0,12.0,2,220.5,2757.4,1
360050002001003,-73.86262473,40.81379683,360050070003000,-73.86385278,40.83140536,13.0,13.0,1,227.7,2822.1,1
360050002001003,-73.86262473,40.81379683,360050096002000,-73.84068107,40.83346857,15.0,15.0,1,278.7,3853.6,1
360050002001003,-73.86262473,40.81379683,360050096002027,-73.84694575,40.83549958,21.6666666667,26.0,3,278.7,3874.7,1
360050002001003,-73.86262473,40.81379683,360050131002005,-73.89533805,40.82502885,20.5,20.5,2,301.4,4278.3,1
360050002001003,-73.86262473,40.81379683,360050181021002,-73.91903349,40.83236788,21.0,21.0,1,457.5,6997.8,1
360050002001003,-73.86262473,40.81379683,360050183011000,-73.92121873,40.82791643,43.0,43.0,1,442.9,6575.2,1
360050002001003,-73.86262473,40.81379683,360050224012000,-73.86816857,40.8555388,30.0,30.0,1,342.2,5585.9,1
360050002001003,-73.86262473,40.81379683,360050252001000,-73.85583247,40.84962744,17.6666666667,17.0,3,381.1,5170.3,1
360050002001003,-73.86262473,40.81379683,360050273003000,-73.90389432,40.87037991,79.0,79.0,1,594.8,9271.7,1
360050002001003,-73.86262473,40.81379683,360050296002000,-73.84623573,40.85443755,22.8571428571,17.0,7,490.8,7654.4,1
360050002001003,-73.86262473,40.81379683,360050300001000,-73.8277949,40.85216061,34.6666666667,40.0,3,434.3,6288.4,1
360050002001003,-73.86262473,40.81379683,360050300003001,-73.82965908,40.8530496,27.0,27.0,1,454.5,7305.4,1
360050002001003,-73.86262473,40.81379683,360050328001005,-73.86405673,40.86489105,20.0,20.0,1,393.4,6332.9,1
360050002001003,-73.86262473,40.81379683,360050368001000,-73.8522311,40.87506565,40.0,40.0,1,502.1,8044.9,1
360050002001003,-73.86262473,40.81379683,360050372002001,-73.86418632,40.87574315,20.2164948454,20.0,97,463.2,8211.8,1
360050002001003,-73.86262473,40.81379683,360050406001001,-73.85599286,40.88846671,22.0,22.0,1,627.3,10199.9,1
360050002001003,-73.86262473,40.81379683,360050421001000,-73.88011585,40.88078773,7.0,7.0,1,478.7,8538.1,1
360050002001003,-73.86262473,40.81379683,360050436001005,-73.84779997,40.89749072,46.0,46.0,1,632.9,11239.6,1
360050002001003,-73.86262473,40.81379683,360470021002019,-73.98909597,40.70283827,74.0,74.0,1,1268.9,24283.7,1
360050002001003,-73.86262473,40.81379683,360470177001000,-73.96326229,40.66811236,35.0,35.0,1,1386.4,26371.8,1
360050002001003,-73.86262473,40.81379683,360470311001002,-73.93805798,40.67663243,113.0,113.0,1,1455.7,26476.5,1
360050002001003,-73.86262473,40.81379683,360610015011012,-74.0049319,40.71030037,70.5,70.5,2,1163.9,22708.3,1
360050002001003,-73.86262473,40.81379683,360610015011013,-74.00545544,40.70988842,72.5,70.0,6,1118,22295.2,1
360050002001003,-73.86262473,40.81379683,360610029001004,-74.00087106,40.71495929,83.0,83.0,1,1124.9,22453,1
360050002001003,-73.86262473,40.81379683,360610064005000,-73.97922335,40.73672341,58.6666666667,55.0,3,913.2,17711.5,1
360050002001003,-73.86262473,40.81379683,360610091001003,-73.99398515,40.74384418,53.0,53.0,2,1024.2,18685.8,1
360050002001003,-73.86262473,40.81379683,360610101001005,-73.99365074,40.7493909,33.0,33.0,1,969.5,18135.3,1
360050002001003,-73.86262473,40.81379683,360610102001011,-73.97616876,40.75852057,35.0,35.0,1,846.9,15805.1,1
360050002001003,-73.86262473,40.81379683,360610103001002,-73.99891328,40.75404329,45.0,45.0,1,1013.6,18807.2,1
360050002001003,-73.86262473,40.81379683,360610112032001,-73.96969879,40.76161586,118.0,118.0,1,810.5,15092.5,1
360050002001003,-73.86262473,40.81379683,360610115001000,-73.99225221,40.75784658,45.0,45.0,1,952.9,17647,1
360050002001003,-73.86262473,40.81379683,360610118005000,-73.95948905,40.7638877,77.0,77.0,1,745.1,14213.3,1
360050002001003,-73.86262473,40.81379683,360610128005001,-73.96115986,40.7704358,90.0,90.0,1,762.2,14089.5,1
360050002001003,-73.86262473,40.81379683,360610161005000,-73.97902254,40.77965331,39.0,39.0,1,953.8,15028.2,1
360050002001003,-73.86262473,40.81379683,360610178003001,-73.93130473,40.7955743,45.6153846154,37.0,13,555.2,9481.9,1
360050002001003,-73.86262473,40.81379683,360610211006001,-73.95907699,40.81267882,26.0,26.0,1,655.1,10895.2,1
360050002001003,-73.86262473,40.81379683,360610235011002,-73.94168659,40.82894543,26.0,25.0,5,575.6,8311.8,1
360050002001003,-73.86262473,40.81379683,360610261001001,-73.93611311,40.84482564,62.0,62.0,1,575.1,9323.2,1
360050002001003,-73.86262473,40.81379683,360810059001001,-73.92206177,40.75985391,30.6666666667,31.0,6,681,12251.8,1
360050002001004,-73.85892257,40.81394495,360050070002000,-73.86658782,40.83082077,11.0,11.0,2,203.9,2321,1
360050002001004,-73.85892257,40.81394495,360050085001002,-73.89875788,40.81449731,26.0,26.0,1,284.3,4550.9,1
360050002001004,-73.85892257,40.81394495,360050199004003,-73.92701012,40.83615281,21.0,21.0,1,526.7,8054,1
360050002001004,-73.85892257,40.81394495,360050224032000,-73.86618898,40.85557023,14.0,14.0,1,353.1,5830.7,1
360050002001004,-73.85892257,40.81394495,360050263005000,-73.90277405,40.86707049,48.0,48.0,1,527,8859.9,1
360050002001004,-73.85892257,40.81394495,360610010023004,-73.97670579,40.71671927,28.0,28.0,1,929.2,19200.3,1
360050002001004,-73.85892257,40.81394495,360610116001004,-73.95697256,40.76446207,71.0,71.0,1,751.4,13998.2,1
360050002001004,-73.85892257,40.81394495,360610180004000,-73.9400784,40.79586143,26.0,26.0,1,543.6,9544.3,1
360050002001004,-73.85892257,40.81394495,360610259001001,-73.94078104,40.82528323,25.8333333333,24.0,6,559.6,8193.8,1
360050002001004,-73.85892257,40.81394495,360811032012005,-73.75543337,40.60594826,66.0,66.0,1,1696.4,33225.9,1
360050002001004,-73.85892257,40.81394495,360850007004003,-74.07992348,40.64598966,61.0,61.0,1,2394.8,44875,1
360050002002000,-73.85751583,40.81224735,360050090002006,-73.83861018,40.82646101,19.0,19.0,1,272.4,3620.9,1
360050002002000,-73.85751583,40.81224735,360050090004000,-73.84659689,40.82320384,12.0,10.0,3,175.7,2234.9,1
360050002002000,-73.85751583,40.81224735,360050216025002,-73.8613487,40.83406952,17.0,16.0,5,225.8,2833.3,1
360050002002000,-73.85751583,40.81224735,360050296002000,-73.84623573,40.85443755,27.0,27.0,1,495.1,7977.8,1
360050002002000,-73.85751583,40.81224735,360050393004000,-73.88372538,40.8527126,28.0,28.0,1,420.8,7272.9,1
360050002002000,-73.85751583,40.81224735,360050422001007,-73.85439869,40.88961869,21.0,21.0,1,636.5,10616.7,1
360050002002000,-73.85751583,40.81224735,360050462019003,-73.83141733,40.86955492,18.0,18.0,1,488.1,8802.5,1
360050002002000,-73.85751583,40.81224735,360050462021011,-73.83199569,40.88338389,24.3333333333,25.0,3,648.1,10525.9,1
360050002002000,-73.85751583,40.81224735,360470267002000,-73.9426951,40.6845105,43.0,43.0,2,1389.8,25617,1
360050002002000,-73.85751583,40.81224735,360470505001002,-73.94610705,40.70961608,52.5714285714,47.0,7,1096,21928,1
360050002002000,-73.85751583,40.81224735,360610037002002,-74.00369078,40.72808948,64.2191780822,59.0,73,1131.1,21782.8,1
360050002002000,-73.85751583,40.81224735,360811227023002,-73.8141693,40.73416746,29.0,29.0,1,932.5,16349.2,1
360050002002000,-73.85751583,40.81224735,360850319023009,-74.16433167,40.63594597,102.428571429,97.0,7,2458,46280.3,1
360050002002001,-73.85843196,40.8121888,360050090003000,-73.84665583,40.81990582,20.5,20.5,2,169.6,1951.3,1
360050002002001,-73.85843196,40.8121888,360050224032000,-73.86618898,40.85557023,17.0,17.0,1,370.2,6050.5,1
360050002002001,-73.85843196,40.8121888,360050248002000,-73.86020225,40.85587987,18.6024096386,15.0,83,471.9,5658,1
360050002002001,-73.85843196,40.8121888,360050264004001,-73.83533788,40.84312768,20.3333333333,17.0,3,358.3,5049.1,1
360050002002001,-73.85843196,40.8121888,360050284001010,-73.83926928,40.85007079,20.0,16.0,6,451.4,5767.5,1
360050002002001,-73.85843196,40.8121888,360050418003001,-73.85987189,40.89592655,23.0,23.0,1,529.4,10332.3,1
360050002002001,-73.85843196,40.8121888,360050420002000,-73.85817878,40.89328142,21.0,21.0,1,571.4,10914.1,1
360050002002001,-73.85843196,40.8121888,360610104001005,-73.97981806,40.76005887,31.0,31.0,1,876.6,16759.5,1
360050002002001,-73.85843196,40.8121888,360810884001012,-73.83972582,40.6652251,51.4782608696,46.5,46,1397.3,26336.9,1
360050002002002,-73.85935856,40.81208361,360050072001002,-73.86062249,40.82953674,22.125,19.0,16,187.6,2278.7,1
360050002002002,-73.85935856,40.81208361,360050093002006,-73.89096848,40.81710314,17.0,17.0,1,265.5,4130.6,1
360050002002002,-73.85935856,40.81208361,360050096002027,-73.84694575,40.83549958,27.0,27.0,1,279.6,3882.5,1
360050002002002,-73.85935856,40.81208361,360050152002011,-73.82219357,40.82498204,47.0,47.0,1,367.7,5036.8,1
360050002002002,-73.85935856,40.81208361,360050155002000,-73.88882179,40.83637928,21.75,17.5,4,349.5,4654,1
360050002002002,-73.85935856,40.81208361,360050157002001,-73.88877514,40.83473099,20.0,17.0,9,338.5,4563.1,1
360050002002002,-73.85935856,40.81208361,360050183013001,-73.9201595,40.82998977,34.0,36.0,3,453.8,7008.1,1
360050002002002,-73.85935856,40.81208361,360050189002001,-73.92695,40.83168388,20.0,24.0,6,538.9,7778.9,1
360050002002002,-73.85935856,40.81208361,360050200002001,-73.84534499,40.84674838,16.0,16.0,2,365.6,5261.2,1
360050002002002,-73.85935856,40.81208361,360050237021001,-73.89733376,40.86067085,24.0,24.0,1,501.4,8668.7,1
360050002002002,-73.85935856,40.81208361,360050263001000,-73.9037084,40.86346037,43.0,43.0,1,515.8,8868.5,1
360050002002002,-73.85935856,40.81208361,360050284001010,-73.83926928,40.85007079,16.0,16.0,1,458.9,5853.7,1
360050002002002,-73.85935856,40.81208361,360050296002000,-73.84623573,40.85443755,11.375,0.0,16,500.1,7948.7,1
360050002002002,-73.85935856,40.81208361,360050375041000,-73.89151941,40.85262666,24.0,24.0,1,439.4,7081.9,1
360050002002002,-73.85935856,40.81208361,360050380001001,-73.86094243,40.87630374,30.0,30.0,1,512.1,9034.6,1
360050002002002,-73.85935856,40.81208361,360050385004004,-73.8919868,40.85369605,34.0,33.0,3,474,7432.8,1
360050002002002,-73.85935856,40.81208361,360050399011001,-73.89585617,40.8632299,35.3333333333,33.0,9,465.8,8177.3,1
360050002002002,-73.85935856,40.81208361,360050421001001,-73.87829669,40.88019326,32.8,34.0,5,494.5,8836.4,1
360050002002002,-73.85935856,40.81208361,360470367001011,-73.90658014,40.67670275,93.6666666667,87.0,3,1343.7,26002.9,1
360050002002002,-73.85935856,40.81208361,360470828003001,-73.95007622,40.64201596,114.0,114.0,1,1613,29377.7,1
360050002002002,-73.85935856,40.81208361,360610078002003,-73.9749722,40.74726192,47.0,47.0,1,828,16436,1
360050002002002,-73.85935856,40.81208361,360610087001000,-73.99493799,40.74253191,63.0,63.0,2,1028.4,19378.5,1
360050002002002,-73.85935856,40.81208361,360610243013000,-73.93924993,40.83785255,24.5,24.5,2,659.1,9415.2,1
360050002002002,-73.85935856,40.81208361,360810521002006,-73.90181086,40.71875146,50.0,50.0,1,994.8,18247.2,1
360050002002002,-73.85935856,40.81208361,360810542003009,-73.74076604,40.71790508,42.0,42.0,1,1086,20472.9,1
360050002002003,-73.86029451,40.81198321,360050063003002,-73.92578915,40.82706124,48.0,48.0,2,481.7,7053,1
360050002002003,-73.86029451,40.81198321,360050200002001,-73.84534499,40.84674838,16.6666666667,16.0,3,382.5,5407.2,1
360050002002003,-73.86029451,40.81198321,360050200002003,-73.84566181,40.84560667,21.1428571429,21.0,7,379.4,5305.1,1
360050002002003,-73.86029451,40.81198321,360050202001005,-73.84862317,40.83776841,16.0,16.0,1,314.5,4174.9,1
360050002002003,-73.86029451,40.81198321,360050204002000,-73.84825333,40.8407077,14.0,14.0,1,368.7,4967.6,1
360050002002003,-73.86029451,40.81198321,360050252001000,-73.85583247,40.84962744,23.0,23.0,1,398.9,5324.1,1
360050002002003,-73.86029451,40.81198321,360050284001010,-73.83926928,40.85007079,23.5714285714,21.0,7,475.8,5999.7,1
360050002002003,-73.86029451,40.81198321,360050403042000,-73.895229,40.86768668,32.0,32.0,1,537.2,8899.6,1
360050002002003,-73.86029451,40.81198321,360050451012004,-73.864842,40.89750633,0.0,0.0,3,638.3,10671.5,1
360050002002003,-73.86029451,40.81198321,360610061003004,-73.99074491,40.73225797,45.0,45.0,1,1034.8,19336.2,1
360050002002003,-73.86029451,40.81198321,360610076001005,-73.98619984,40.74705421,42.0,42.0,1,1006.8,18194.6,1
360050002002003,-73.86029451,40.81198321,360610101001007,-73.99035851,40.7488101,63.0,63.0,1,993.5,18409.7,1
360050002002003,-73.86029451,40.81198321,360610102001011,-73.97616876,40.75852057,25.3333333333,31.0,3,873,16155.9,1
360050002002003,-73.86029451,40.81198321,360610112011002,-73.97626533,40.76438127,38.0,38.0,1,880.8,16076.1,1
360050002002003,-73.86029451,40.81198321,360610112032001,-73.96969879,40.76161586,64.0,64.0,1,836.6,15443.3,1
360050002002003,-73.86029451,40.81198321,360610124006000,-73.95302594,40.76700012,9.33333333333,0.0,3,730.6,13747.4,1
360050002002003,-73.86029451,40.81198321,360610134004000,-73.95574115,40.77318787,33.0,33.0,1,759.3,12803.5,1
360050002002003,-73.86029451,40.81198321,360610145001001,-73.98596869,40.77014727,55.0,55.0,1,1000,17616.9,1
360050002002003,-73.86029451,40.81198321,360610156011000,-73.94543979,40.7831157,86.0,86.0,1,628.9,11193.4,1
360050002002003,-73.86029451,40.81198321,360610160014000,-73.95521766,40.78723866,40.0,40.0,1,702.6,12135.9,1
360050002002003,-73.86029451,40.81198321,360610177005000,-73.96820039,40.78939563,37.0,37.0,1,855.4,13989.6,1
360050002002003,-73.86029451,40.81198321,360610181003000,-73.96868853,40.79380602,73.3333333333,63.0,3,821.8,13107.1,1
360050002002003,-73.86029451,40.81198321,360610191005001,-73.96725684,40.79981147,38.3333333333,41.0,3,799.4,12686.3,1
360050002002003,-73.86029451,40.81198321,360610228003001,-73.94536871,40.81557625,26.6,26.0,5,611.8,9934.7,1
360050002002003,-73.86029451,40.81198321,360610228004000,-73.94394952,40.81752054,25.0,25.0,1,634.2,9117.8,1
360050002002003,-73.86029451,40.81198321,360610261001001,-73.93611311,40.84482564,79.0,79.0,1,601.2,9674,1
360050002002003,-73.86029451,40.81198321,360610271004001,-73.93495478,40.85277721,49.0,49.0,1,608,9951.9,1
360050002002003,-73.86029451,40.81198321,360810249003002,-73.90621605,40.74498952,40.0,40.0,1,839.5,15663.2,1
360050002002003,-73.86029451,40.81198321,360810383021074,-73.84370615,40.74773072,34.0,34.0,1,951,14232.4,1
360050002002003,-73.86029451,40.81198321,360810568001006,-73.73435641,40.71764967,45.0,45.0,1,1136.4,21172.1,1
360050002002004,-73.86121434,40.811937,360050219001007,-73.92006878,40.83951196,62.0,62.0,1,526.4,8506.8,1
360050002002004,-73.86121434,40.811937,360050252001000,-73.85583247,40.84962744,20.0,20.0,1,397.9,5315.8,1
360050002002004,-73.86121434,40.811937,360610089003001,-74.00475174,40.744348,79.0,85.0,4,1134.5,20202.7,1
360050002002005,-73.86223988,40.81222831,360610100002003,-73.96990974,40.75751685,34.0,34.0,1,831.9,15559.5,1
360050002002005,-73.86223988,40.81222831,360610118008000,-73.96295336,40.76453098,54.6923076923,47.0,13,813.1,14818.7,1
360050002002006,-73.86350177,40.81361251,360050016004009,-73.86082969,40.81838964,9.81578947368,8.5,38,85.7,721.4,1
360050002002006,-73.86350177,40.81361251,360050016004010,-73.8617547,40.81829048,8.9,8.0,30,86,723.9,1
360050002002006,-73.86350177,40.81361251,360050028001007,-73.87502166,40.82293938,35.5,35.5,2,233.2,3343.8,1
360050002002006,-73.86350177,40.81361251,360050035002000,-73.90995065,40.81278359,19.0,19.0,1,365.8,5481.4,1
360050002002006,-73.86350177,40.81361251,360050040011004,-73.85966689,40.82742692,25.3333333333,13.0,3,270,3550.6,1
360050002002006,-73.86350177,40.81361251,360050042006003,-73.85705022,40.82371069,11.6666666667,12.0,3,148.4,1785.4,1
360050002002006,-73.86350177,40.81361251,360050043001000,-73.91415028,40.81428052,22.0,22.0,1,385.5,5852,1
360050002002006,-73.86350177,40.81361251,360050065004003,-73.92012035,40.81708344,32.1111111111,29.0,9,419.3,6045.9,1
360050002002006,-73.86350177,40.81361251,360050090002006,-73.83861018,40.82646101,17.7777777778,16.0,9,288.2,3778.9,1
360050002002006,-73.86350177,40.81361251,360050090004000,-73.84659689,40.82320384,10.0,10.0,1,191.5,2392.9,1
360050002002006,-73.86350177,40.81361251,360050092002001,-73.84862027,40.83189147,15.8333333333,15.0,6,255.4,3369.4,1
360050002002006,-73.86350177,40.81361251,360050096002000,-73.84068107,40.83346857,20.0,20.0,1,288.7,3940.1,1
360050002002006,-73.86350177,40.81361251,360050147022000,-73.90310077,40.83675058,27.5769230769,28.5,26,456.7,6808.5,1
360050002002006,-73.86350177,40.81361251,360050158001003,-73.82108644,40.82609327,17.5,17.5,2,378.3,5222.5,1
360050002002006,-73.86350177,40.81361251,360050161001008,-73.88400851,40.83749678,21.8,17.5,10,305.4,3849.9,1
360050002002006,-73.86350177,40.81361251,360050216025002,-73.8613487,40.83406952,16.0,16.0,1,243.5,2991.4,1
360050002002006,-73.86350177,40.81361251,360050252001000,-73.85583247,40.84962744,25.3333333333,29.0,3,391.1,5256.8,1
360050002002006,-73.86350177,40.81361251,360050252002005,-73.85209817,40.84485307,18.0,15.0,4,419.5,5654,1
360050002002006,-73.86350177,40.81361251,360050283001007,-73.90580954,40.87586571,41.0,41.0,1,647.3,10368.6,1
360050002002006,-73.86350177,40.81361251,360050284001010,-73.83926928,40.85007079,34.0,34.0,1,468,5932.4,1
360050002002006,-73.86350177,40.81361251,360050289003003,-73.90781513,40.87937008,43.75,38.5,4,676.3,10946.9,1
360050002002006,-73.86350177,40.81361251,360050295001001,-73.90806882,40.88741414,66.0,66.0,1,769.9,12256.5,1
360050002002006,-73.86350177,40.81361251,360050368001000,-73.8522311,40.87506565,20.0,20.0,1,509.1,8031.5,1
360050002002006,-73.86350177,40.81361251,360050383021000,-73.89169549,40.86090207,24.3333333333,26.0,3,435.7,7358.7,1
360050002002006,-73.86350177,40.81361251,360050411001002,-73.88631348,40.87642322,26.0,26.0,2,499,8561.4,1
360050002002006,-73.86350177,40.81361251,360050421001001,-73.87829669,40.88019326,31.0,31.0,2,492.2,8528.6,1
360050002002006,-73.86350177,40.81361251,360050462011024,-73.82498083,40.86756065,26.0,26.0,1,579.7,9784.9,1
360050002002006,-73.86350177,40.81361251,360050462011034,-73.82775499,40.8643807,27.75,22.5,4,524.5,9132,1
360050002002006,-73.86350177,40.81361251,360470806002003,-73.94053297,40.66110582,91.0,91.0,1,1546.5,27701.7,1
360050002002006,-73.86350177,40.81361251,360610066006000,-73.97830811,40.73807305,83.0,91.0,3,869.4,16995,1
360050002002006,-73.86350177,40.81361251,360610101001005,-73.99365074,40.7493909,63.2,64.0,5,976.5,18121.9,1
360050002002006,-73.86350177,40.81361251,360610103001010,-73.99566423,40.75023573,65.0,65.0,1,994.7,18315.9,1
360050002002006,-73.86350177,40.81361251,360610108004000,-73.96411965,40.7575315,29.0,29.0,1,816.2,14898.1,1
360050002002006,-73.86350177,40.81361251,360610115001000,-73.99225221,40.75784658,48.0,48.0,1,959.9,17633.6,1
360050002002006,-73.86350177,40.81361251,360610131001000,-73.98024879,40.76269153,39.0,39.0,1,918.3,16432.4,1
360050002002006,-73.86350177,40.81361251,360610131001001,-73.9807057,40.76206685,42.3333333333,35.0,3,864.7,16159.5,1
360050002002006,-73.86350177,40.81361251,360610137005000,-73.97886298,40.76459131,50.0,50.0,1,875.3,15914.4,1
360050002002006,-73.86350177,40.81361251,360610157007000,-73.98046241,40.7776829,75.0,75.0,1,945.2,15913.6,1
360050002002006,-73.86350177,40.81361251,360610199003000,-73.96366122,40.80580394,40.0,40.0,1,753,12233.2,1
360050002002006,-73.86350177,40.81361251,360610273003000,-73.93902243,40.85311345,29.0,29.0,1,602.7,9729.6,1
360050002002006,-73.86350177,40.81361251,360810028001000,-73.84441329,40.69488365,46.3333333333,47.0,3,1164.8,21361.8,1
360050002002006,-73.86350177,40.81361251,360810455005000,-73.86221231,40.73565865,38.0,38.0,1,901.2,16143.5,1
360050002002006,-73.86350177,40.81361251,360810520001005,-73.75424645,40.70238884,31.0,31.0,1,1165.2,21566.2,1
360050002002006,-73.86350177,40.81361251,360850173002000,-74.11964396,40.60774977,63.0,63.0,1,2289.8,44327.8,1
360050002002007,-73.865216,40.81397963,360050019003016,-73.91128998,40.80292316,36.0,36.0,1,407.3,6082.8,1
360050002002007,-73.865216,40.81397963,360050020002002,-73.86404028,40.81578259,10.0,10.0,1,41.6,341.3,1
360050002002007,-73.865216,40.81397963,360050051001002,-73.9272548,40.81738721,15.6666666667,18.0,9,480.9,6983.8,1
360050002002007,-73.865216,40.81397963,360050063002023,-73.92899616,40.8182409,36.0,36.0,1,506.6,7031.6,1
360050002002007,-73.865216,40.81397963,360050065001002,-73.92445195,40.81680307,24.0,24.0,1,488.1,6659.9,1
360050002002007,-73.865216,40.81397963,360050090002006,-73.83861018,40.82646101,16.0,16.0,1,299.4,3874.3,1
360050002002007,-73.865216,40.81397963,360050093002006,-73.89096848,40.81710314,14.6666666667,12.0,3,270.1,3720.5,1
360050002002007,-73.865216,40.81397963,360050183021001,-73.92023839,40.82712479,36.0,36.0,1,443.3,6177.9,1
360050002002007,-73.865216,40.81397963,360050211002001,-73.92434267,40.84174174,0.0,0.0,1,558.8,8423.5,1
360050002002007,-73.865216,40.81397963,360050252001000,-73.85583247,40.84962744,30.5,30.5,2,402.3,5352.2,1
360050002002007,-73.865216,40.81397963,360050266022004,-73.8312631,40.84633373,28.0,28.0,1,420.7,5842.3,1
360050002002007,-73.865216,40.81397963,360050284001010,-73.83926928,40.85007079,25.0,24.0,4,479.2,6027.8,1
360050002002007,-73.865216,40.81397963,360050288004002,-73.85209737,40.85669302,17.0,17.0,1,465.1,6988.3,1
360050002002007,-73.865216,40.81397963,360050309001000,-73.91040203,40.90912574,35.6666666667,31.0,3,913.2,14798.2,1
360050002002007,-73.865216,40.81397963,360050340004000,-73.86206234,40.86678471,25.0,25.0,1,426.4,6496,1
360050002002007,-73.865216,40.81397963,360050411001002,-73.88631348,40.87642322,35.5,35.5,2,505.9,8459.1,1
360050002002007,-73.865216,40.81397963,360050421001000,-73.88011585,40.88078773,27.59375,22.5,32,492.6,8422.4,1
360050002002007,-73.865216,40.81397963,360050421001001,-73.87829669,40.88019326,20.0,20.0,1,499.1,8426.3,1
360050002002007,-73.865216,40.81397963,360470207001001,-73.96594621,40.67469381,55.0,55.0,1,1380,25778.4,1
360050002002007,-73.865216,40.81397963,360610030021001,-73.98415563,40.72195628,47.0,47.0,1,989.3,19536.9,1
360050002002007,-73.865216,40.81397963,360610096001007,-73.98132759,40.75411487,69.0,69.0,1,904.3,16439.6,1
360050002002007,-73.865216,40.81397963,360610222002002,-73.9476284,40.80739255,30.8,25.0,30,606.1,9902.1,1
360050002002007,-73.865216,40.81397963,360850007001002,-74.08674916,40.64524849,81.3333333333,77.0,6,2464.5,45345.2,1
360050002002008,-73.8611195,40.81030426,360050096002027,-73.84694575,40.83549958,12.0,12.0,1,299,4151.1,1
360050002002008,-73.8611195,40.81030426,360050164001012,-73.82498295,40.83038965,14.0,14.0,1,371.8,5246.1,1
360050002002008,-73.8611195,40.81030426,360050206012004,-73.85217823,40.83816723,16.6,17.0,5,303.5,4214,1
360050002002008,-73.8611195,40.81030426,360050212005000,-73.85824868,40.83595086,14.5,14.5,2,282.1,3516.6,1
360050002002008,-73.8611195,40.81030426,360050284001010,-73.83926928,40.85007079,15.0,15.0,2,478.3,6122.3,1
360050002002008,-73.8611195,40.81030426,360610007001009,-74.01034702,40.70641919,97.0,97.0,1,1190.4,23771.8,1
360050002002008,-73.8611195,40.81030426,360610063001000,-73.99641164,40.73673645,70.0,70.0,1,1055.4,19693.1,1
360050002002008,-73.8611195,40.81030426,360610119002001,-73.98609018,40.75859929,41.0,41.0,1,952.4,17455.8,1
360050002002008,-73.8611195,40.81030426,360610148011000,-73.95551548,40.77816743,49.6666666667,40.0,12,766.6,12680.2,1
360050002002009,-73.85793222,40.80705074,360050296001016,-73.84333149,40.85188772,17.0,17.0,3,450.3,6420.8,1
360050002003000,-73.85666531,40.81035679,360050394003000,-73.86583055,40.88524315,21.0,21.0,1,563.6,9276.1,1
360050002003000,-73.85666531,40.81035679,360050462023008,-73.83656345,40.8703697,20.0,20.0,1,546.3,9496.9,1
360050002003000,-73.85666531,40.81035679,360470179001001,-73.97064891,40.6842456,93.0,93.0,1,1366.6,26099.6,1
360050002003000,-73.85666531,40.81035679,360810407002001,-73.86642327,40.75018608,52.0,52.0,1,899.9,15516.4,1
360050002003000,-73.85666531,40.81035679,360850173002000,-74.11964396,40.60774977,70.0,70.0,1,2306.4,44904.1,1
360050002003001,-73.85829596,40.81079588,360050266021004,-73.83023987,40.84474224,26.5,25.0,4,419.6,5829.8,1
360050002003001,-73.85829596,40.81079588,360050286001000,-73.8460247,40.84939135,22.0588235294,19.0,17,428.6,6012.7,1
360050002003001,-73.85829596,40.81079588,360050296001018,-73.84452819,40.84955362,34.5,34.5,2,393.2,5730.7,1
360050002003001,-73.85829596,40.81079588,360050375041000,-73.89151941,40.85262666,35.75,35.0,4,450.9,7149.8,1
360050002003001,-73.85829596,40.81079588,360610150021002,-73.9568277,40.78214369,38.7142857143,36.0,7,748.2,12645.7,1
360050002003001,-73.85829596,40.81079588,360810455003000,-73.86081323,40.73742899,37.3170731707,37.0,41,933.3,16344,1
360050002003001,-73.85829596,40.81079588,360810757013000,-73.83309746,40.71756451,30.0,30.0,1,998.6,18291.7,1
360050002003002,-73.8581005,40.80973319,360050252001000,-73.85583247,40.84962744,11.0,11.0,1,405,5573.8,1
360050002003002,-73.8581005,40.80973319,360610162005009,-73.94206352,40.78588371,29.0,29.0,1,733.7,12222.8,1
360050002003003,-73.85783199,40.80853367,360050042006003,-73.85705022,40.82371069,17.0,17.0,1,162.4,2107.5,1
360050002003003,-73.85783199,40.80853367,360050096002023,-73.84277623,40.83893876,15.0,15.0,1,336.7,4830.4,1
360050002003003,-73.85783199,40.80853367,360050184003003,-73.83289846,40.83613774,19.6666666667,21.0,3,391.3,5554.2,1
360050002003003,-73.85783199,40.80853367,360050224041001,-73.86724561,40.85303589,57.0,57.0,1,377.9,5290.3,1
360050002003003,-73.85783199,40.80853367,360050284001010,-73.83926928,40.85007079,27.6956521739,25.0,23,483.9,6254.4,1
360050002003003,-73.85783199,40.80853367,360050286001000,-73.8460247,40.84939135,23.0,23.0,1,446.8,6260.5,1
360050002003003,-73.85783199,40.80853367,360050314002000,-73.84380267,40.860228,24.6666666667,26.0,3,492.6,7215.1,1
360050002003003,-73.85783199,40.80853367,360050462025003,-73.83749245,40.87421229,37.0,37.0,1,596.4,10184.5,1
360050002003004,-73.85736896,40.80857491,360050328001001,-73.86215077,40.86334815,17.0,17.0,1,458.3,7357,1
360050002003006,-73.85643445,40.80796632,360050020005000,-73.86787418,40.819629,8.0,8.0,1,174.3,2036.9,1
360050002003006,-73.85643445,40.80796632,360050042005001,-73.86041103,40.82475208,9.0,9.0,1,179.2,2234.3,1
360050002003006,-73.85643445,40.80796632,360050042005004,-73.86090963,40.82280038,12.0,12.0,1,187.6,2147,1
360050002003006,-73.85643445,40.80796632,360050074003000,-73.85285767,40.81947564,0.0,0.0,1,163.7,1897.1,1
360050002003006,-73.85643445,40.80796632,360050090003000,-73.84665583,40.81990582,7.0,7.0,1,204.6,2452.3,1
360050002003006,-73.85643445,40.80796632,360050119001001,-73.89102259,40.82205985,21.0,21.0,1,294.8,4500.9,1
360050002003006,-73.85643445,40.80796632,360050144002001,-73.825359,40.82346134,22.0,22.0,1,376,5242,1
360050002003006,-73.85643445,40.80796632,360050379002000,-73.90011435,40.8501917,36.0,36.0,2,457.2,7303.9,1
360050002003010,-73.85549048,40.8079643,360050041001001,-73.91640258,40.81036426,27.0,27.0,1,477.6,7201.1,1
360050002003010,-73.85549048,40.8079643,360050043002007,-73.92013246,40.81411418,27.0,27.0,1,474.1,7258.8,1
360050002003010,-73.85549048,40.8079643,360050051003001,-73.92133743,40.81490175,34.75,37.5,4,460.6,7170.4,1
360050002003010,-73.85549048,40.8079643,360050166001000,-73.82776736,40.83176166,22.0,22.0,1,338.1,4965,1
360050002003010,-73.85549048,40.8079643,360610082001007,-73.98118756,40.75072293,107.0,107.0,1,919.9,17740.8,1
360050002003010,-73.85549048,40.8079643,360610094001010,-73.9793652,40.7541384,61.7222222222,59.0,18,923.2,17352,1
360050002003010,-73.85549048,40.8079643,360610112021004,-73.97180341,40.76162059,91.0,91.0,1,861.8,16113.3,1
360050002003010,-73.85549048,40.8079643,360610115001003,-73.99282381,40.75562576,71.0,71.0,1,1018.6,18925.2,1
360050002003010,-73.85549048,40.8079643,360610156021000,-73.94495609,40.78506302,49.5384615385,44.0,13,674.3,11872.2,1
360050002003011,-73.85562863,40.80856663,360050125002004,-73.89534981,40.82901038,45.5,45.5,2,368.2,5443.8,1
360050002003012,-73.85514679,40.80659909,360050042003007,-73.8618063,40.82458171,10.0,10.0,1,210.7,2502.6,1
360050002003012,-73.85514679,40.80659909,360050042006003,-73.85705022,40.82371069,11.0,11.0,1,177.8,2230.3,1
360050002003012,-73.85514679,40.80659909,360050096002027,-73.84694575,40.83549958,21.0,21.0,1,320,4406.1,1
360050002003012,-73.85514679,40.80659909,360050152002000,-73.82555622,40.82901196,18.0,18.0,1,402.2,5364.1,1
360050002003012,-73.85514679,40.80659909,360050184003003,-73.83289846,40.83613774,20.0,20.0,1,406.7,5677.1,1
360050002003012,-73.85514679,40.80659909,360050194001012,-73.83585831,40.83822181,45.0,45.0,2,401.4,5664.7,1
360050002003012,-73.85514679,40.80659909,360050200001007,-73.843922,40.84118445,17.0,17.0,1,367.8,5133,1
360050002003012,-73.85514679,40.80659909,360050252001000,-73.85583247,40.84962744,30.0,30.0,1,420.5,5701.7,1
360050002003012,-73.85514679,40.80659909,360050261001000,-73.90572053,40.86706033,40.5,40.5,2,681.8,10713.9,1
360050002003012,-73.85514679,40.80659909,360050264003004,-73.83386639,40.83909476,33.6666666667,27.0,3,424.2,5855,1
360050002003012,-73.85514679,40.80659909,360470013001011,-73.98558257,40.69744266,53.0,53.0,1,1325.3,24742.8,1
360050002003012,-73.85514679,40.80659909,360471034001004,-73.88622831,40.6335319,65.0,65.0,1,1663.2,32745.1,1
360050002003012,-73.85514679,40.80659909,360471110001000,-73.8818892,40.66128909,60.2,57.0,25,1497,28682.5,1
360050002003012,-73.85514679,40.80659909,360610032004000,-73.986165,40.72442866,52.0,52.0,1,1118.3,21553.4,1
360050002003012,-73.85514679,40.80659909,360610080002000,-73.97710213,40.75145615,70.0,70.0,1,964.4,18095.1,1
360050002003012,-73.85514679,40.80659909,360810121002001,-73.90532137,40.77291261,40.0,40.0,1,730.8,13050.7,1
360050002003012,-73.85514679,40.80659909,360810142021002,-73.81919946,40.70264529,34.5,34.5,2,1060.3,19507.1,1
360050002003012,-73.85514679,40.80659909,360810240001001,-73.80881301,40.70277005,36.0,36.0,1,1098.1,20215.8,1
360050002003015,-73.85698315,40.80665268,360050025004000,-73.92218791,40.80752984,25.3333333333,23.0,3,515.2,8100.3,1
360050002003015,-73.85698315,40.80665268,360050252001000,-73.85583247,40.84962744,32.0,32.0,1,424.6,5740.9,1
360050002003015,-73.85698315,40.80665268,360470480001002,-73.97296164,40.63139359,65.0,65.0,1,1793.4,32572,1
360050002003015,-73.85698315,40.80665268,360610015021010,-74.0074418,40.7078165,47.0,47.0,1,1214.5,23749.1,1
360050002003015,-73.85698315,40.80665268,360610116001004,-73.95697256,40.76446207,43.8571428571,35.0,7,839.6,15066.8,1
360050002003015,-73.85698315,40.80665268,360610118005000,-73.95948905,40.7638877,54.5,54.5,2,819.7,15378.6,1
360050002003015,-73.85698315,40.80665268,360610151004003,-73.989511,40.77371506,36.0,36.0,1,1058.2,18473.2,1
360050002003017,-73.85752726,40.80776037,360050252001000,-73.85583247,40.84962744,32.0,32.0,1,414.9,5651.8,1
360050002003017,-73.85752726,40.80776037,360050261001000,-73.90572053,40.86706033,40.0,40.0,1,676.2,10664,1
360050002003018,-73.85788277,40.80630605,360050065004002,-73.91798317,40.81653456,29.0,29.0,1,478.5,7135.8,1
360050002003018,-73.85788277,40.80630605,360050069004000,-73.91727364,40.82254851,51.5,51.5,2,506.3,7278.8,1
360050002003018,-73.85788277,40.80630605,360050169001005,-73.90200479,40.83641405,31.6666666667,28.0,3,487.7,7520.6,1
360050002003018,-73.85788277,40.80630605,360050407021001,-73.88432906,40.86740577,27.0,27.0,2,525.1,8830.3,1
360050002003018,-73.85788277,40.80630605,360050420001002,-73.86149395,40.89312396,44.0,44.0,1,700.9,11333.4,1
360050002003018,-73.85788277,40.80630605,360610263004001,-73.93913136,40.84671286,57.0,50.0,3,662.5,10539.6,1
360050002003023,-73.85621688,40.80635719,360050252001000,-73.85583247,40.84962744,21.0,21.0,1,420.9,5697.1,1
360050002003028,-73.85677129,40.80526212,360050252001000,-73.85583247,40.84962744,45.0,45.0,1,442.7,5867.1,1
360050004001000,-73.85703496,40.81455208,360050252001000,-73.85583247,40.84962744,16.0,16.0,2,330,4689.2,1
360050004001000,-73.85703496,40.81455208,360470009001002,-73.99251091,40.69315984,83.0,83.0,1,1311.9,25788.5,1
360050004001000,-73.85703496,40.81455208,360470900006000,-73.9220685,40.66636365,108.0,108.0,1,1400.8,27149.1,1
360050004001000,-73.85703496,40.81455208,360610062001002,-73.97513772,40.73919387,48.375,46.5,16,870.7,17212.6,1
360050004001000,-73.85703496,40.81455208,360610092001009,-73.97587835,40.75263386,49.0,49.0,1,848.8,16715.7,1
360050004001000,-73.85703496,40.81455208,360610127002000,-73.98866656,40.76132853,42.0,42.0,1,941.5,17991,1
360050004001000,-73.85703496,40.81455208,360610155006000,-73.9849194,40.77665903,27.5,27.5,2,969,17649.8,1
360050004001000,-73.85703496,40.81455208,360610217031003,-73.9490091,40.81965223,30.0,30.0,2,629.4,9448.1,1
360050004001000,-73.85703496,40.81455208,360810596002001,-73.73575534,40.6986921,52.0,52.0,1,1173.4,22293.3,1
360050004001002,-73.85895056,40.81489874,360050144006003,-73.81999527,40.82094342,14.1428571429,14.0,7,357.7,5101,1
360050004001002,-73.85895056,40.81489874,360470916001002,-73.91105543,40.66144511,83.0,83.0,1,1464.5,27530.2,1
360050004002003,-73.8509748,40.81170497,360050020001005,-73.86270164,40.81767964,15.0,15.0,1,157.6,1786.2,1
360050004002003,-73.8509748,40.81170497,360050038001001,-73.86318023,40.82025892,5.5,5.5,2,170.4,1999.1,1
360050004002003,-73.8509748,40.81170497,360050050014000,-73.87600753,40.82525068,18.0,18.0,1,292.4,3581.8,1
360050004002003,-73.8509748,40.81170497,360050090001010,-73.84553947,40.81277143,8.47058823529,7.0,17,240.6,2671.9,1
360050004002003,-73.8509748,40.81170497,360050090002006,-73.83861018,40.82646101,13.0,13.0,1,336.1,4380.4,1
360050004002003,-73.8509748,40.81170497,360050090003000,-73.84665583,40.81990582,4.75,4.5,4,234.1,2717.7,1
360050004002003,-73.8509748,40.81170497,360050096002023,-73.84277623,40.83893876,13.0,13.0,1,368.7,5109.8,1
360050004002003,-73.8509748,40.81170497,360050096002027,-73.84694575,40.83549958,13.5,13.5,2,336.6,4562.7,1
360050004002003,-73.8509748,40.81170497,360050147024000,-73.90565283,40.8375431,39.0,39.0,1,529.4,7938.3,1
360050004002003,-73.8509748,40.81170497,360050193002000,-73.92913848,40.8371571,30.625,28.0,8,679.6,9378.9,1
360050004002003,-73.8509748,40.81170497,360050202001004,-73.85002681,40.83861276,18.0,18.0,1,349.7,4661.5,1
360050004002003,-73.8509748,40.81170497,360050212005000,-73.85824868,40.83595086,14.5,12.5,4,319.7,3928.2,1
360050004002003,-73.8509748,40.81170497,360050222002000,-73.86023682,40.83439321,15.0,15.0,1,297.4,3669.1,1
360050004002003,-73.8509748,40.81170497,360050228001002,-73.8637867,40.8520235,19.0,19.0,1,450.9,5659.9,1
360050004002003,-73.8509748,40.81170497,360050254001000,-73.85129462,40.8494607,21.25,21.0,4,448.8,6137.9,1
360050004002003,-73.8509748,40.81170497,360050266013003,-73.83555157,40.84776657,31.0,31.0,1,458.8,6178.5,1
360050004002003,-73.8509748,40.81170497,360050283001007,-73.90580954,40.87586571,56.0,56.0,1,727.4,11664.7,1
360050004002003,-73.8509748,40.81170497,360050284001010,-73.83926928,40.85007079,21.6666666667,16.0,9,515.9,6533.9,1
360050004002003,-73.8509748,40.81170497,360050286001005,-73.84694918,40.84849801,21.0,21.0,1,465.4,6312.6,1
360050004002003,-73.8509748,40.81170497,360050332011002,-73.86908913,40.85833067,29.3333333333,32.0,3,501.4,7386.6,1
360050004002003,-73.8509748,40.81170497,360050369012000,-73.89302086,40.84531701,31.0,31.0,1,472.4,6520.1,1
360050004002003,-73.8509748,40.81170497,360050393001001,-73.88203153,40.85523761,20.0,20.0,1,517.1,8334.7,1
360050004002003,-73.8509748,40.81170497,360050419001001,-73.8797585,40.87880603,41.0,41.0,1,604.8,10088,1
360050004002003,-73.8509748,40.81170497,360050421001000,-73.88011585,40.88078773,52.3333333333,57.0,3,565.8,9820.8,1
360050004002003,-73.8509748,40.81170497,360050421001001,-73.87829669,40.88019326,24.25,25.0,4,572.3,9824.7,1
360050004002003,-73.8509748,40.81170497,360050425005001,-73.87621439,40.87111446,38.0,38.0,1,568.1,9552.4,1
360050004002003,-73.8509748,40.81170497,360050462011023,-73.82900732,40.86834321,28.0,28.0,1,561.2,9693,1
360050004002003,-73.8509748,40.81170497,360050462011034,-73.82775499,40.8643807,19.0,19.0,1,570.5,9733.5,1
360050004002003,-73.8509748,40.81170497,360810247001002,-73.89887877,40.74275768,23.0,23.0,1,854.8,16596.9,1
360050004002003,-73.8509748,40.81170497,360810277001000,-73.8772998,40.75548399,31.0,31.0,1,915.8,16566.6,1
360050004002003,-73.8509748,40.81170497,360810713062002,-73.85658289,40.72466814,36.6666666667,31.0,3,1101.4,18618.8,1
360050004002004,-73.85550222,40.81256601,360050016001000,-73.85989831,40.82070191,9.5,9.5,2,92.8,1146.6,1
360050004002004,-73.85550222,40.81256601,360050200001007,-73.843922,40.84118445,14.0,14.0,1,293,4361,1
360050004002004,-73.85550222,40.81256601,360050212005000,-73.85824868,40.83595086,37.0,37.0,1,228.3,2999.6,1
360050004002004,-73.85550222,40.81256601,360050326003004,-73.85467775,40.85887097,16.0,16.0,1,418.7,7118.4,1
360050004002004,-73.85550222,40.81256601,360050462018005,-73.83198321,40.87408514,26.0,26.0,1,515.9,9151.1,1
360050004002004,-73.85550222,40.81256601,360470523003000,-73.96004837,40.71207655,31.0,31.0,1,1099.7,22361,1
360050004002004,-73.85550222,40.81256601,360470828003000,-73.94912385,40.64207268,77.4680851064,68.0,47,1618.9,30134.2,1
360050004002004,-73.85550222,40.81256601,360610259002002,-73.94371526,40.82149794,23.0,23.0,1,576.6,8745.5,1
360050004002005,-73.85443722,40.81245992,360050042006003,-73.85705022,40.82371069,11.0,12.0,6,122,1559.3,1
360050004002005,-73.85443722,40.81245992,360050071002015,-73.91671508,40.81617537,27.3333333333,26.5,6,411.1,6346.9,1
360050004002005,-73.85443722,40.81245992,360050074003000,-73.85285767,40.81947564,50.0,50.0,1,120.8,1334.8,1
360050004002005,-73.85443722,40.81245992,360050127011003,-73.89147205,40.82592049,45.0,45.0,1,295.7,4581.4,1
360050004002005,-73.85443722,40.81245992,360050127012000,-73.89245001,40.8255991,26.25,24.5,4,315.6,4706,1
360050004002005,-73.85443722,40.81245992,360050227013000,-73.91048222,40.84626165,39.125,42.0,8,453.7,7485.9,1
360050004002005,-73.85443722,40.81245992,360050237021000,-73.89678929,40.8617658,31.0,31.0,1,493.9,8579.3,1
360050004002005,-73.85443722,40.81245992,360050252001000,-73.85583247,40.84962744,22.0,22.0,1,364.7,5030.7,1
360050004002005,-73.85443722,40.81245992,360050279003001,-73.89758696,40.87967089,28.0,28.0,1,666.2,11048.8,1
360050004002005,-73.85443722,40.81245992,360050312002004,-73.84246961,40.86020043,19.0,19.0,1,469.9,6762.7,1
360050004002005,-73.85443722,40.81245992,360050380004005,-73.86241292,40.87719545,25.0,25.0,2,506.8,8892.6,1
360050004002005,-73.85443722,40.81245992,360050462011023,-73.82900732,40.86834321,0.0,0.0,1,488.8,8865.4,1
360050004002005,-73.85443722,40.81245992,360470009001004,-73.98963564,40.69171192,53.0,53.0,1,1306.9,25790.2,1
360050004002005,-73.85443722,40.81245992,360470359003001,-73.92407745,40.66890332,100.0,100.0,1,1434.1,27487.7,1
360050004002005,-73.85443722,40.81245992,360610226003002,-73.94660334,40.81465395,25.0,25.0,1,632.6,10759.4,1
360050004002006,-73.85397792,40.81061023,360050183021001,-73.92023839,40.82712479,21.0,21.0,1,470.1,7081.3,1
360050004002006,-73.85397792,40.81061023,360050252001000,-73.85583247,40.84962744,14.0,14.0,1,389.3,5337.8,1
360050004002006,-73.85397792,40.81061023,360050266023008,-73.83511766,40.84418619,18.75,17.0,4,390.3,5418.4,1
360050004002006,-73.85397792,40.81061023,360470275001000,-73.93698068,40.68516865,63.0,63.0,1,1418.9,25193.8,1
360050004002006,-73.85397792,40.81061023,360810846021010,-73.80727366,40.66586467,34.0,34.0,1,1265.3,24218.5,1
360050004002007,-73.85501587,40.81046701,360050020001000,-73.86270884,40.81860509,0.0,0.0,1,99.2,1330.5,1
360050004002007,-73.85501587,40.81046701,360050132004000,-73.81811095,40.81959329,32.0,32.0,1,396.4,5573.7,1
360050004002007,-73.85501587,40.81046701,360050185004002,-73.90744023,40.82442044,19.0,19.0,1,340.9,5536.3,1
360050004002007,-73.85501587,40.81046701,360050200003001,-73.84889758,40.84209282,14.0,14.0,1,323.8,4764.3,1
360050004002007,-73.85501587,40.81046701,360050212005000,-73.85824868,40.83595086,12.0,12.0,1,243.8,3234.7,1
360050004002007,-73.85501587,40.81046701,360050218002001,-73.86661886,40.83645585,12.0,12.0,1,229.3,3156.3,1
360050004002007,-73.85501587,40.81046701,360050289003004,-73.90917031,40.87957392,29.0,29.0,1,718,12414.6,1
360050004002007,-73.85501587,40.81046701,360050334001021,-73.8787776,40.86252925,25.0,25.0,1,539.5,8179.5,1
360050004002007,-73.85501587,40.81046701,360050365013002,-73.88604736,40.84343829,19.0,19.0,1,341.5,5076.8,1
360050004002007,-73.85501587,40.81046701,360050389002001,-73.88448673,40.85745558,22.0,22.0,1,435.2,7564.6,1
360050004002007,-73.85501587,40.81046701,360050462011024,-73.82498083,40.86756065,35.0,35.0,1,549.8,9692.9,1
360050004002007,-73.85501587,40.81046701,360050462011034,-73.82775499,40.8643807,20.0,20.0,1,494.6,9040,1
360050004002007,-73.85501587,40.81046701,360610027001003,-73.99766375,40.71312433,51.0,51.0,1,1103.8,21831.9,1
360050004002007,-73.85501587,40.81046701,360610038001000,-73.98791377,40.72909429,62.0,62.0,1,991.9,19178.4,1
360050004002007,-73.85501587,40.81046701,360610038007000,-73.98696952,40.7286912,61.6666666667,58.0,3,1016.5,19535.7,1
360050004002007,-73.85501587,40.81046701,360610050003000,-73.98841849,40.735936,80.0,80.0,1,979.1,18939.8,1
360050004002007,-73.85501587,40.81046701,360610096001007,-73.98132759,40.75411487,35.0,35.0,1,901.6,17144.5,1
360050004002007,-73.85501587,40.81046701,360610102001012,-73.97662425,40.75789344,60.0,60.0,1,866.8,16630.1,1
360050004002007,-73.85501587,40.81046701,360610112011002,-73.97626533,40.76438127,55.0,55.0,1,865.9,16314.5,1
360050004002007,-73.85501587,40.81046701,360610147001001,-73.98879961,40.77133763,46.0,46.0,1,1001.6,18133.2,1
360050004002007,-73.85501587,40.81046701,360810158023005,-73.82409152,40.68726869,47.0,47.0,1,1145.3,21536.6,1
360050004002007,-73.85501587,40.81046701,360810220013001,-73.81887347,40.71229319,29.0,29.0,1,1059.3,19253,1
360050004002007,-73.85501587,40.81046701,360810502021009,-73.75953085,40.70958084,34.0,34.0,1,1106.3,20762.4,1
360050004002007,-73.85501587,40.81046701,360850114022008,-74.10363761,40.5775445,91.0,91.0,1,2347.4,45361.2,1
360050004003000,-73.85041138,40.8089839,360050215021002,-73.91517014,40.84848924,31.0,30.0,6,545.3,8641,1
360050004003001,-73.85142675,40.80879521,360050110001006,-73.83185499,40.82350339,12.0,12.0,1,403,5295,1
360050004003001,-73.85142675,40.80879521,360610235014001,-73.94223231,40.82997822,27.0,27.0,1,639.8,9505.5,1
360050004003001,-73.85142675,40.80879521,360810196001002,-73.7978862,40.69072162,40.0,40.0,1,1187.5,22033.9,1
360050004003001,-73.85142675,40.80879521,360810972041000,-73.78527578,40.5937388,80.0,75.0,13,1952.8,37276.9,1
360050004003002,-73.85245125,40.80868167,360050004001000,-73.85703496,40.81455208,6.33333333333,6.0,3,83.1,1096.5,1
360050004003002,-73.85245125,40.80868167,360050025004000,-73.92218791,40.80752984,32.275,30.0,160,503.7,8145.1,1
360050004003002,-73.85245125,40.80868167,360050076004003,-73.86825663,40.83379577,13.5,13.5,2,296.8,3612.3,1
360050004003002,-73.85245125,40.80868167,360050090002011,-73.83778556,40.82363333,19.0,19.0,1,323.5,4507.1,1
360050004003002,-73.85245125,40.80868167,360050096002027,-73.84694575,40.83549958,21.5,21.5,2,312.6,4490.1,1
360050004003002,-73.85245125,40.80868167,360050310001000,-73.83099479,40.86019471,41.0,43.0,3,540.2,9216.7,1
360050004003002,-73.85245125,40.80868167,360470490001001,-73.97259242,40.63981507,61.0,61.0,1,1746.2,31951.5,1
360050004003002,-73.85245125,40.80868167,360610182002000,-73.94124079,40.80059099,25.0,26.0,4,601.6,10504.4,1
360050004003002,-73.85245125,40.80868167,360610251001002,-73.94152707,40.84068665,35.625,33.5,8,682.3,10914.3,1
360050004003002,-73.85245125,40.80868167,360810407005000,-73.86505389,40.74766546,51.8,56.0,5,936.5,15923.7,1
360050004003002,-73.85245125,40.80868167,360811227021001,-73.81246055,40.73104199,30.0,30.0,1,1022.1,17674,1
360050004003003,-73.85352658,40.80888516,360050075001001,-73.91082908,40.81757222,24.0,24.0,2,429.1,6516.9,1
360050004003003,-73.85352658,40.80888516,360050252001000,-73.85583247,40.84962744,15.0,15.0,1,400.8,5541.2,1
360050004003005,-73.85412213,40.80762406,360050063003000,-73.92375969,40.82634778,48.0,48.0,1,495.6,7631.7,1
360050004003005,-73.85412213,40.80762406,360050119001001,-73.89102259,40.82205985,18.4,15.0,5,299.9,4672.4,1
360050004003005,-73.85412213,40.80762406,360050200002002,-73.84633012,40.84514246,28.0,28.0,14,403.9,5791.9,1
360050004003005,-73.85412213,40.80762406,360050227013000,-73.91048222,40.84626165,60.0,60.0,1,501.7,8219.6,1
360050004003005,-73.85412213,40.80762406,360050252001000,-73.85583247,40.84962744,29.0,29.0,1,412.7,5764.4,1
360050004003005,-73.85412213,40.80762406,360050284001010,-73.83926928,40.85007079,27.0,27.0,1,491.5,6440,1
360050004003005,-73.85412213,40.80762406,360050296002000,-73.84623573,40.85443755,32.4444444444,34.0,9,535,6860.1,1
360050004003005,-73.85412213,40.80762406,360050375041000,-73.89151941,40.85262666,38.4,32.0,5,476.7,7583.2,1
360050004003005,-73.85412213,40.80762406,360050420001002,-73.86149395,40.89312396,27.0,27.0,1,675.1,11260.1,1
360050004003005,-73.85412213,40.80762406,360050421001000,-73.88011585,40.88078773,19.1612903226,20.0,31,541.4,9726.9,1
360050004003005,-73.85412213,40.80762406,360050462022007,-73.83783286,40.87831799,40.0,40.0,1,615.7,10646.3,1
360050004003005,-73.85412213,40.80762406,360470554001000,-73.95890038,40.60946461,115.0,115.0,1,1975.5,35077.3,1
360050004003005,-73.85412213,40.80762406,360610125001003,-73.98252972,40.75956018,67.0,67.0,1,934.3,17648.9,1
360050004003005,-73.85412213,40.80762406,360610239001001,-73.94032342,40.83257176,32.3333333333,25.0,3,646.9,9590.6,1
360050004003007,-73.85286839,40.8057882,360050028002002,-73.87573366,40.82027826,13.0,13.0,1,306.3,3475.9,1
360050004003007,-73.85286839,40.8057882,360050065001002,-73.92445195,40.81680307,26.8333333333,26.0,6,552.1,8105.8,1
360050004003007,-73.85286839,40.8057882,360050071002003,-73.91326342,40.8191465,31.0,31.0,1,462,7082.6,1
360050004003007,-73.85286839,40.8057882,360050090003000,-73.84665583,40.81990582,14.0,14.0,3,224.9,2765.2,1
360050004003007,-73.85286839,40.8057882,360050096001005,-73.84576992,40.8301526,19.0,19.0,1,332.6,4416.9,1
360050004003007,-73.85286839,40.8057882,360050127012000,-73.89245001,40.8255991,28.5,28.5,2,366.6,5483.5,1
360050004003007,-73.85286839,40.8057882,360050149003002,-73.90327496,40.83129328,32.0,32.0,2,487.4,6592.9,1
360050004003007,-73.85286839,40.8057882,360050155002005,-73.89067967,40.83340306,35.0,35.0,1,432.1,6485.2,1
360050004003007,-73.85286839,40.8057882,360050157001005,-73.88617596,40.83383972,21.3333333333,18.0,3,389.9,5355.2,1
360050004003007,-73.85286839,40.8057882,360050161001008,-73.88400851,40.83749678,39.5,39.5,2,376.3,5193.5,1
360050004003007,-73.85286839,40.8057882,360050162001000,-73.82014042,40.82906363,19.0,19.0,1,454.2,6314.8,1
360050004003007,-73.85286839,40.8057882,360050200001000,-73.84589787,40.84347196,20.0,20.0,1,388.6,5587.7,1
360050004003007,-73.85286839,40.8057882,360050200001004,-73.84784546,40.84288615,14.0,14.0,1,379.5,5475,1
360050004003007,-73.85286839,40.8057882,360050227031004,-73.91111067,40.8435062,45.0,45.0,1,534.8,8681.8,1
360050004003007,-73.85286839,40.8057882,360050284001010,-73.83926928,40.85007079,25.9166666667,23.5,12,506.7,6581.4,1
360050004003007,-73.85286839,40.8057882,360050286002002,-73.84808239,40.84679283,18.0,17.0,7,413.4,5976.1,1
360050004003007,-73.85286839,40.8057882,360050312002002,-73.84389461,40.86181124,32.0,32.0,1,526.8,7717.4,1
360050004003007,-73.85286839,40.8057882,360050326003004,-73.85467775,40.85887097,23.0,23.0,1,486.8,7996.9,1
360050004003007,-73.85286839,40.8057882,360050363004008,-73.88396377,40.84247284,21.0,21.0,1,404,5706.2,1
360050004003007,-73.85286839,40.8057882,360050379001004,-73.8999125,40.84829267,39.0,42.0,5,462.7,7414.9,1
360050004003007,-73.85286839,40.8057882,360050420001002,-73.86149395,40.89312396,35.5,25.0,4,690.3,11401.4,1
360050004003007,-73.85286839,40.8057882,360050421001001,-73.87829669,40.88019326,46.1666666667,42.0,18,563.1,9872.2,1
360050004003007,-73.85286839,40.8057882,360050431007001,-73.8778347,40.88147373,37.5555555556,32.0,9,555.3,9777.4,1
360050004003007,-73.85286839,40.8057882,360050462011024,-73.82498083,40.86756065,26.75,29.0,8,616.5,10433.9,1
360050004003007,-73.85286839,40.8057882,360050462018005,-73.83198321,40.87408514,26.2826086957,22.5,92,598.1,10127.2,1
360050004003007,-73.85286839,40.8057882,360470342003000,-73.99830639,40.57394935,73.1666666667,73.0,6,2361.2,40927.9,1
360050004003007,-73.85286839,40.8057882,360470443004001,-73.91756058,40.70420957,40.0,40.0,1,1223.2,22132.3,1
360050004003007,-73.85286839,40.8057882,360470488001000,-73.97691397,40.64342451,75.5,75.5,2,1721.8,31457.9,1
360050004003007,-73.85286839,40.8057882,360470816001003,-73.94456918,40.65373073,44.0,44.0,1,1613.1,29570,1
360050004003007,-73.85286839,40.8057882,360470916004002,-73.90986278,40.65676872,45.0,45.0,1,1593.8,29463.5,1
360050004003007,-73.85286839,40.8057882,360610052002001,-73.9905149,40.73910491,57.5238095238,55.0,21,1062.1,19859.6,1
360050004003007,-73.85286839,40.8057882,360610074001000,-73.98190511,40.74776475,86.5,86.5,2,961.1,18161.2,1
360050004003007,-73.85286839,40.8057882,360610076001000,-73.98593455,40.74945168,65.5,69.0,4,983.5,18658.7,1
360050004003007,-73.85286839,40.8057882,360610101001001,-73.98946786,40.75007567,46.5,43.5,4,1002.4,18952.5,1
360050004003007,-73.85286839,40.8057882,360610101001002,-73.99228587,40.75126331,66.5680473373,63.0,169,1019.9,19224.3,1
360050004003007,-73.85286839,40.8057882,360610101001004,-73.99321143,40.75002124,41.0,41.0,1,1047.5,19467.2,1
360050004003007,-73.85286839,40.8057882,360610103001000,-73.99512725,40.75246407,36.5,36.5,2,1039.5,19498.5,1
360050004003007,-73.85286839,40.8057882,360610103001011,-73.99520597,40.75087938,52.0,52.0,1,1065.7,19660.4,1
360050004003007,-73.85286839,40.8057882,360610106021000,-73.95879868,40.76196464,95.0,95.0,1,819.2,15445.9,1
360050004003007,-73.85286839,40.8057882,360610109001004,-73.99133629,40.75257513,68.3333333333,66.0,3,1056,19660.4,1
360050004003007,-73.85286839,40.8057882,360610109001006,-73.98991283,40.75113596,69.0,68.5,28,1031.2,19004.1,1
360050004003007,-73.85286839,40.8057882,360610111001003,-73.99464367,40.75313108,42.6923076923,40.0,13,1055.6,19582.9,1
360050004003007,-73.85286839,40.8057882,360610124003000,-73.95581026,40.76728375,31.0,31.0,1,783.7,14768.9,1
360050004003007,-73.85286839,40.8057882,360610168002002,-73.95332599,40.78981767,52.0,52.0,4,785.7,12896.8,1
360050004003007,-73.85286839,40.8057882,360610170001000,-73.9426275,40.79234874,28.2222222222,29.0,9,661,11094.8,1
360050004003007,-73.85286839,40.8057882,360610216002000,-73.95424356,40.80019237,32.0,32.0,1,728.7,12463.6,1
360050004003007,-73.85286839,40.8057882,360610255001010,-73.94348035,40.84244826,34.0,34.0,1,682.1,11693.2,1
360050004003007,-73.85286839,40.8057882,360610257003000,-73.95445567,40.80698157,27.0,27.0,1,726.9,11994.6,1
360050004003007,-73.85286839,40.8057882,360810455002000,-73.8628299,40.73682406,34.0666666667,29.0,15,1000.8,17159,1
360050004003007,-73.85286839,40.8057882,360810954003006,-73.80105664,40.59179977,61.0,61.0,1,1955.7,36780.4,1
360050004003007,-73.85286839,40.8057882,360850291043008,-74.16217416,40.61193509,79.0,79.0,1,2490.3,46756.7,1
360050004003008,-73.85008052,40.80559343,360050020002001,-73.86311542,40.81590743,33.0,19.0,3,158.5,1803.7,1
360050004003008,-73.85008052,40.80559343,360050028002000,-73.87307302,40.82120441,14.0,14.0,1,267.8,3167.6,1
360050004003008,-73.85008052,40.80559343,360050042005003,-73.85902546,40.82305251,11.0,11.0,1,168,2239,1
360050004003008,-73.85008052,40.80559343,360050042006003,-73.85705022,40.82371069,52.0,52.0,1,192.4,2496.5,1
360050004003008,-73.85008052,40.80559343,360050048001001,-73.87410471,40.82940651,17.0625,14.5,32,269.4,3724.6,1
360050004003008,-73.85008052,40.80559343,360050050021000,-73.87841251,40.8273646,18.1818181818,18.0,11,297.4,3974.1,1
360050004003008,-73.85008052,40.80559343,360050063003000,-73.92375969,40.82634778,35.0,35.0,1,518,7835.1,1
360050004003008,-73.85008052,40.80559343,360050065001004,-73.91963,40.81533651,21.0,21.0,1,485.8,7439.6,1
360050004003008,-73.85008052,40.80559343,360050070002001,-73.86749755,40.83063035,15.0,15.0,1,299.9,3914.8,1
360050004003008,-73.85008052,40.80559343,360050072002000,-73.86275029,40.83155033,17.5,15.5,4,245.3,3242.2,1
360050004003008,-73.85008052,40.80559343,360050075002003,-73.90977988,40.82014994,25.0,25.0,1,453.1,6482.2,1
360050004003008,-73.85008052,40.80559343,360050077001007,-73.90268424,40.81950278,23.5,23.5,2,380.8,5843.3,1
360050004003008,-73.85008052,40.80559343,360050090002006,-73.83861018,40.82646101,0.0,0.0,1,334.1,4490,1
360050004003008,-73.85008052,40.80559343,360050090003000,-73.84665583,40.81990582,13.0,13.0,1,232.1,2827.3,1
360050004003008,-73.85008052,40.80559343,360050096002023,-73.84277623,40.83893876,16.5,16.5,2,366.7,5219.4,1
360050004003008,-73.85008052,40.80559343,360050096002027,-73.84694575,40.83549958,8.5,8.5,2,334.6,4672.3,1
360050004003008,-73.85008052,40.80559343,360050098001000,-73.85050577,40.82644786,18.6666666667,16.0,3,237.2,3281.3,1
360050004003008,-73.85008052,40.80559343,360050115021005,-73.88620125,40.82181013,18.5,18.5,2,344.7,5407.1,1
360050004003008,-73.85008052,40.80559343,360050115021017,-73.88907069,40.81924843,24.0,24.0,1,340.9,5132.1,1
360050004003008,-73.85008052,40.80559343,360050152002000,-73.82555622,40.82901196,19.0,19.0,1,416.8,5630.3,1
360050004003008,-73.85008052,40.80559343,360050183021001,-73.92023839,40.82712479,24.0,24.0,2,514.5,7685.9,1
360050004003008,-73.85008052,40.80559343,360050183022002,-73.91967891,40.82659135,36.0,36.0,2,553.1,8003.7,1
360050004003008,-73.85008052,40.80559343,360050194001012,-73.83585831,40.83822181,12.5,12.5,2,416,5930.8,1
360050004003008,-73.85008052,40.80559343,360050199004002,-73.92805794,40.83655141,34.0,34.0,1,649,9498,1
360050004003008,-73.85008052,40.80559343,360050200002001,-73.84534499,40.84674838,19.0,19.0,1,420.6,6051,1
360050004003008,-73.85008052,40.80559343,360050200002011,-73.84208874,40.84108899,27.6666666667,25.5,6,380.3,5369.5,1
360050004003008,-73.85008052,40.80559343,360050215022000,-73.91577551,40.84785307,41.0,41.0,1,545.1,8626.5,1
360050004003008,-73.85008052,40.80559343,360050216011000,-73.86421955,40.83887628,18.8571428571,16.0,14,301.6,4058.3,1
360050004003008,-73.85008052,40.80559343,360050216021000,-73.86370359,40.840696,12.0,12.0,2,313.8,4245,1
360050004003008,-73.85008052,40.80559343,360050216024000,-73.86268015,40.83704256,18.0,19.0,7,305.5,3909.6,1
360050004003008,-73.85008052,40.80559343,360050222001003,-73.85431044,40.83687173,23.0,23.0,1,341.2,4634.6,1
360050004003008,-73.85008052,40.80559343,360050224012000,-73.86816857,40.8555388,22.0,19.0,3,426.1,5956.4,1
360050004003008,-73.85008052,40.80559343,360050227031003,-73.9099667,40.84329851,42.3333333333,45.0,3,547.2,8074.8,1
360050004003008,-73.85008052,40.80559343,360050228001002,-73.8637867,40.8520235,19.5,19.5,2,448.9,5769.4,1
360050004003008,-73.85008052,40.80559343,360050249001000,-73.9116213,40.85749354,36.8709677419,34.0,31,647.6,9409.5,1
360050004003008,-73.85008052,40.80559343,360050252001000,-73.85583247,40.84962744,26.0,26.0,2,435.1,5967.9,1
360050004003008,-73.85008052,40.80559343,360050256002006,-73.85242483,40.84288996,20.0,20.0,1,382.7,5335.9,1
360050004003008,-73.85008052,40.80559343,360050261001000,-73.90572053,40.86706033,47.6315789474,43.0,19,696.4,10980,1
360050004003008,-73.85008052,40.80559343,360050284001000,-73.83269632,40.85808089,41.0,41.0,1,592.4,8948.6,1
360050004003008,-73.85008052,40.80559343,360050284001010,-73.83926928,40.85007079,28.6842105263,26.0,19,513.9,6643.5,1
360050004003008,-73.85008052,40.80559343,360050286001000,-73.8460247,40.84939135,25.0,25.0,1,476.8,6649.5,1
360050004003008,-73.85008052,40.80559343,360050296001020,-73.84325409,40.85498258,17.0,17.0,1,494.2,7106.6,1
360050004003008,-73.85008052,40.80559343,360050296002000,-73.84623573,40.85443755,16.0,16.0,1,557.4,7063.6,1
360050004003008,-73.85008052,40.80559343,360050314002000,-73.84380267,40.860228,28.0,29.0,3,522.6,7604.1,1
360050004003008,-73.85008052,40.80559343,360050323002000,-73.90586226,40.90807691,38.0,38.0,1,916.5,15827.6,1
360050004003008,-73.85008052,40.80559343,360050342002006,-73.85910943,40.86663007,21.0,21.0,1,511.4,8228.5,1
360050004003008,-73.85008052,40.80559343,360050351002001,-73.89729967,40.8934044,60.0,60.0,1,744,12582.7,1
360050004003008,-73.85008052,40.80559343,360050351003002,-73.90020022,40.8980788,45.0,45.0,1,854.3,13529,1
360050004003008,-73.85008052,40.80559343,360050358006000,-73.84620761,40.87573611,41.0,41.0,1,598.6,9899.8,1
360050004003008,-73.85008052,40.80559343,360050368001003,-73.85621194,40.87547699,43.0,43.0,1,594.1,9472.7,1
360050004003008,-73.85008052,40.80559343,360050396004000,-73.86043346,40.88655728,23.0,23.0,1,661.7,10984.3,1
360050004003008,-73.85008052,40.80559343,360050419001001,-73.8797585,40.87880603,35.0,35.0,1,602.8,10197.5,1
360050004003008,-73.85008052,40.80559343,360050423002003,-73.87877452,40.87598071,23.0,23.0,1,583.5,9949.3,1
360050004003008,-73.85008052,40.80559343,360050428002001,-73.84546035,40.89386755,35.8,30.0,5,741,12854.1,1
360050004003008,-73.85008052,40.80559343,360050434003002,-73.85525625,40.89630038,27.6666666667,29.0,3,636.8,11766,1
360050004003008,-73.85008052,40.80559343,360050449012000,-73.87112067,40.8975267,63.0,63.0,2,734.9,12244.4,1
360050004003008,-73.85008052,40.80559343,360050462011022,-73.82843856,40.87025247,22.0,22.0,1,603.1,10205.5,1
360050004003008,-73.85008052,40.80559343,360050462011024,-73.82498083,40.86756065,19.0,19.0,2,623.7,10496,1
360050004003008,-73.85008052,40.80559343,360050462011034,-73.82775499,40.8643807,25.0,25.0,1,568.5,9843.1,1
360050004003008,-73.85008052,40.80559343,360050462025002,-73.83838393,40.87590492,61.0,61.0,1,639.4,10903.3,1
360050004003008,-73.85008052,40.80559343,360050504001018,-73.7901091,40.87510296,81.0,81.0,1,817,12364.6,1
360050004003008,-73.85008052,40.80559343,360050516000002,-73.78081587,40.84440729,26.0,26.0,1,816.3,13226,1
360050004003008,-73.85008052,40.80559343,360050516001000,-73.78979706,40.85812555,28.0,28.0,2,744.3,12082.9,1
360050004003008,-73.85008052,40.80559343,360050516001010,-73.78821886,40.85153445,28.0952380952,25.0,21,732.1,12224.1,1
360050004003008,-73.85008052,40.80559343,360050516004012,-73.78400825,40.8377623,29.0,29.0,1,858.6,13882.6,1
360050004003008,-73.85008052,40.80559343,360470009001004,-73.98963564,40.69171192,47.0,47.0,1,1365.2,26209.8,1
360050004003008,-73.85008052,40.80559343,360470315002001,-73.94928858,40.67562146,69.6666666667,66.0,6,1483.1,27134.4,1
360050004003008,-73.85008052,40.80559343,360470796022000,-73.95790797,40.65258755,36.0,36.0,1,1600.4,29749.5,1
360050004003008,-73.85008052,40.80559343,360471024001002,-73.89265854,40.63333137,72.0,72.0,1,1733.2,31968.2,1
360050004003008,-73.85008052,40.80559343,360610015011012,-74.0049319,40.71030037,67.0,67.0,2,1249,24100.5,1
360050004003008,-73.85008052,40.80559343,360610028004001,-73.97593025,40.72722607,53.0,53.0,2,992,19230.7,1
360050004003008,-73.85008052,40.80559343,360610076001000,-73.98593455,40.74945168,37.0,37.0,1,990.7,18720.7,1
360050004003008,-73.85008052,40.80559343,360610078007000,-73.97171446,40.74673582,107.0,107.0,1,1069.3,18517.3,1
360050004003008,-73.85008052,40.80559343,360610084002001,-73.9841112,40.75195577,73.0,73.0,1,1010.1,18615.6,1
360050004003008,-73.85008052,40.80559343,360610091001004,-73.99446585,40.74317516,62.0,62.0,2,1067.5,20118.2,1
360050004003008,-73.85008052,40.80559343,360610101001002,-73.99228587,40.75126331,68.0,68.0,1,1027.1,19286.3,1
360050004003008,-73.85008052,40.80559343,360610106022002,-73.95971272,40.76070808,43.5,43.5,2,835.5,15670.4,1
360050004003008,-73.85008052,40.80559343,360610110001000,-73.96341127,40.76390568,42.0,42.0,1,876.6,15953.9,1
360050004003008,-73.85008052,40.80559343,360610112032000,-73.96922305,40.7622655,52.2307692308,49.0,13,918.4,16704.6,1
360050004003008,-73.85008052,40.80559343,360610114022002,-73.96830479,40.76351596,78.0,78.0,1,879.9,16243.8,1
360050004003008,-73.85008052,40.80559343,360610116001002,-73.95414703,40.76450613,32.25,30.0,4,819.3,14995.4,1
360050004003008,-73.85008052,40.80559343,360610124005000,-73.95605762,40.76571432,33.4285714286,29.0,7,800.5,14838.7,1
360050004003008,-73.85008052,40.80559343,360610124008000,-73.95405869,40.76568737,32.1666666667,30.5,6,775.2,14610.1,1
360050004003008,-73.85008052,40.80559343,360610134006000,-73.95783166,40.77155067,49.5,45.0,4,856,14237.8,1
360050004003008,-73.85008052,40.80559343,360610135001011,-73.99429193,40.76943218,39.0,39.0,1,1062.8,19031.3,1
360050004003008,-73.85008052,40.80559343,360610138003000,-73.95544618,40.77481903,32.0,32.0,1,809.4,13744.2,1
360050004003008,-73.85008052,40.80559343,360610138009000,-73.95661067,40.77444872,37.0,37.0,1,846.3,14147.3,1
360050004003008,-73.85008052,40.80559343,360610140002001,-73.95736826,40.7756294,35.0,34.5,4,822,13929.5,1
360050004003008,-73.85008052,40.80559343,360610140005001,-73.95897546,40.77630753,74.0,74.0,1,833,14084.4,1
360050004003008,-73.85008052,40.80559343,360610148012001,-73.95664295,40.7795038,43.0,43.0,1,802.9,13672.2,1
360050004003008,-73.85008052,40.80559343,360610148025000,-73.95614812,40.78018397,0.0,0.0,1,803,13672.7,1
360050004003008,-73.85008052,40.80559343,360610150023000,-73.95940778,40.78240911,49.0,49.0,1,830.6,13938.1,1
360050004003008,-73.85008052,40.80559343,360610151004003,-73.989511,40.77371506,34.0,34.0,1,1068.7,18700.1,1
360050004003008,-73.85008052,40.80559343,360610166002000,-73.94711304,40.78966732,0.0,0.0,1,774.9,13275.1,1
360050004003008,-73.85008052,40.80559343,360610168002002,-73.95332599,40.78981767,29.0,29.0,2,792.9,12958.9,1
360050004003008,-73.85008052,40.80559343,360610168003003,-73.95195094,40.79170652,31.4285714286,29.0,7,780.7,12756.7,1
360050004003008,-73.85008052,40.80559343,360610177003002,-73.97033272,40.79010937,38.0,38.0,1,912.1,15032.2,1
360050004003008,-73.85008052,40.80559343,360610177008000,-73.96774499,40.79002524,33.0,33.0,1,884.8,14678.9,1
360050004003008,-73.85008052,40.80559343,360610178001000,-73.93309877,40.79715521,29.8181818182,29.0,33,649.9,10953.6,1
360050004003008,-73.85008052,40.80559343,360610178001001,-73.93355882,40.79652879,35.0,35.0,1,637.6,10656,1
360050004003008,-73.85008052,40.80559343,360610178003001,-73.93130473,40.7955743,25.0,25.0,1,640.3,10874.2,1
360050004003008,-73.85008052,40.80559343,360610181006000,-73.96486236,40.79219696,47.4285714286,42.0,7,841.2,14252.8,1
360050004003008,-73.85008052,40.80559343,360610181006001,-73.96697884,40.79308704,33.5,33.5,2,866.9,14054.3,1
360050004003008,-73.85008052,40.80559343,360610188003000,-73.93796756,40.7975341,28.9411764706,26.0,17,609.7,10442.3,1
360050004003008,-73.85008052,40.80559343,360610192001005,-73.93194989,40.79750974,27.5283842795,24.0,229,631.8,10560.4,1
360050004003008,-73.85008052,40.80559343,360610194002000,-73.93422935,40.79846644,21.0,21.0,1,606.3,10340.8,1
360050004003008,-73.85008052,40.80559343,360610197021002,-73.95773897,40.80248932,67.0,67.0,2,750.3,12492.6,1
360050004003008,-73.85008052,40.80559343,360610199003000,-73.96366122,40.80580394,33.5,33.5,2,831.1,13638.8,1
360050004003008,-73.85008052,40.80559343,360610201021000,-73.95537286,40.80572481,47.0,47.0,1,753.4,12216.2,1
360050004003008,-73.85008052,40.80559343,360610206001005,-73.94073796,40.80706972,20.0,20.0,1,624.3,10676.1,1
360050004003008,-73.85008052,40.80559343,360610212004002,-73.94088765,40.81282952,58.0,58.0,1,671.8,10946.7,1
360050004003008,-73.85008052,40.80559343,360610218002000,-73.95126789,40.80226426,40.0322580645,35.5,62,715.2,12064,1
360050004003008,-73.85008052,40.80559343,360610222001000,-73.94950409,40.8099157,32.5,32.5,2,674.2,11395.9,1
360050004003008,-73.85008052,40.80559343,360610222001003,-73.9509323,40.80795969,33.0,33.0,1,679.8,11475.9,1
360050004003008,-73.85008052,40.80559343,360610226003000,-73.94584153,40.81492817,43.0,43.0,1,681.7,11059.6,1
360050004003008,-73.85008052,40.80559343,360610230005000,-73.93974186,40.81819706,27.0,27.0,1,630.8,9369,1
360050004003008,-73.85008052,40.80559343,360610235013000,-73.9436683,40.82895852,28.0,28.0,1,686.4,9975.8,1
360050004003008,-73.85008052,40.80559343,360610251001002,-73.94152707,40.84068665,34.6666666667,34.0,3,704.3,11096.5,1
360050004003008,-73.85008052,40.80559343,360610277001000,-73.92556682,40.85680393,53.5714285714,50.0,7,656.1,10699.7,1
360050004003008,-73.85008052,40.80559343,360810037001002,-73.93749582,40.76820414,37.5555555556,34.0,9,800.2,14024.9,1
360050004003008,-73.85008052,40.80559343,360810443023005,-73.865704,40.73755245,29.0,29.0,2,997.4,17521.1,1
360050004003008,-73.85008052,40.80559343,360810737001002,-73.84173271,40.71970777,45.0,40.0,6,1074,19685.3,1
360050004003008,-73.85008052,40.80559343,360810871001001,-73.83313382,40.75779769,31.0,31.0,1,799.6,13008.6,1
360050004003013,-73.85540867,40.80508923,360610216001000,-73.95169467,40.8007832,21.0,21.0,1,727.8,12103.1,1
360050004003013,-73.85540867,40.80508923,360610218003000,-73.95419366,40.80348583,30.0,30.0,1,702.9,11865.1,1
360050004003013,-73.85540867,40.80508923,360810123011010,-73.90272122,40.77614892,68.0,68.0,1,810.6,13810.9,1
360050004003013,-73.85540867,40.80508923,360811008021000,-73.75553714,40.60394597,88.0,88.0,1,1785.1,34270,1
360050004004000,-73.84737427,40.81387202,360610140001001,-73.95644113,40.77689869,35.0,35.0,1,811.9,13923.9,1
360050004004000,-73.84737427,40.81387202,360610199003000,-73.96366122,40.80580394,37.3333333333,32.0,3,817,13795.7,1
360050004004000,-73.84737427,40.81387202,360610255001010,-73.94348035,40.84244826,45.0,40.0,17,623.3,11288.9,1
360050004004000,-73.84737427,40.81387202,360610297001000,-73.92308673,40.87196596,51.0,51.0,1,696,11404.5,1
360050004004001,-73.84840006,40.81388681,360050090003000,-73.84665583,40.81990582,5.0,5.0,1,110.3,1047.8,1
360050004004001,-73.84840006,40.81388681,360050090004002,-73.84788492,40.82159393,6.0,6.0,1,89.2,1028.3,1
360050004004001,-73.84840006,40.81388681,360050252001000,-73.85583247,40.84962744,30.0,30.0,1,367.4,4628.8,1
360050004004001,-73.84840006,40.81388681,360050254001000,-73.85129462,40.8494607,14.0,14.0,2,325.1,4660.5,1
360050004004001,-73.84840006,40.81388681,360610095002000,-73.99410786,40.74877118,37.25,37.0,4,1095.3,20177.2,1
360050004004001,-73.84840006,40.81388681,360610199003000,-73.96366122,40.80580394,38.0,38.0,1,815,13778.2,1
360050004004001,-73.84840006,40.81388681,360610212002001,-73.93900059,40.81376926,24.0,24.0,5,601.3,10549.5,1
360050004004001,-73.84840006,40.81388681,360610218003000,-73.95419366,40.80348583,39.5,39.5,2,689.4,12179.1,1
360050004004002,-73.84943727,40.81407834,360050064001002,-73.87156508,40.83133493,18.3333333333,13.0,6,271.8,3700.3,1
360050004004002,-73.84943727,40.81407834,360050194001006,-73.83746602,40.83947169,10.0,10.0,1,279.3,4090.9,1
360050004004002,-73.84943727,40.81407834,360050403042000,-73.895229,40.86768668,31.0,31.0,1,565,9602.6,1
360050004004002,-73.84943727,40.81407834,360610243023000,-73.93758731,40.83142686,42.0,42.0,1,677.2,11322.1,1
360050004004007,-73.84699526,40.81230971,360050044003000,-73.86080458,40.82721239,21.0,11.0,4,203.2,2638.2,1
360050004004007,-73.84699526,40.81230971,360050067001005,-73.91627352,40.81771795,38.0,38.0,1,505.2,7536,1
360050004004007,-73.84699526,40.81230971,360050093002006,-73.89096848,40.81710314,30.0,30.0,1,353.9,5327.2,1
360050004004007,-73.84699526,40.81230971,360050141002001,-73.90974286,40.82399376,27.3636363636,27.0,11,438.4,6605.8,1
360050004004007,-73.84699526,40.81230971,360050194001012,-73.83585831,40.83822181,13.0,13.0,1,309,4255.4,1
360050004004007,-73.84699526,40.81230971,360050235024002,-73.90269022,40.85271656,30.1666666667,26.5,12,456.3,7684.4,1
360050004004007,-73.84699526,40.81230971,360050252001000,-73.85583247,40.84962744,19.3333333333,15.0,3,382.2,4732.8,1
360050004004007,-73.84699526,40.81230971,360050261001000,-73.90572053,40.86706033,87.0,87.0,1,681.7,10694.4,1
360050004004007,-73.84699526,40.81230971,360050284001010,-73.83926928,40.85007079,21.5,21.5,4,406.9,4968,1
360050004004007,-73.84699526,40.81230971,360050332011001,-73.86836475,40.85828451,30.5,30.5,2,419,6613.9,1
360050004004007,-73.84699526,40.81230971,360050375041000,-73.89151941,40.85262666,32.0,32.0,2,445.9,7406.9,1
360050004004007,-73.84699526,40.81230971,360050383021000,-73.89169549,40.86090207,36.5,36.0,12,500,8443.1,1
360050004004007,-73.84699526,40.81230971,360050397001010,-73.88357524,40.8585771,32.5,33.0,4,456.1,7709.1,1
360050004004007,-73.84699526,40.81230971,360050403043000,-73.89423924,40.86724634,30.6,25.0,5,560.2,9700.8,1
360050004004007,-73.84699526,40.81230971,360050409001006,-73.89516376,40.87211087,29.0,29.0,1,662.2,10419.4,1
360050004004007,-73.84699526,40.81230971,360050413004002,-73.88520928,40.87640335,34.0,34.0,1,579.5,9873.8,1
360050004004007,-73.84699526,40.81230971,360050419004000,-73.88294801,40.87979076,43.0,43.0,2,585.6,9750.2,1
360050004004007,-73.84699526,40.81230971,360050420001002,-73.86149395,40.89312396,0.0,0.0,1,683.7,11142.2,1
360050004004007,-73.84699526,40.81230971,360050421001000,-73.88011585,40.88078773,29.5,29.5,2,550,9609,1
360050004004007,-73.84699526,40.81230971,360050421001001,-73.87829669,40.88019326,19.5,19.5,2,556.5,9613,1
360050004004007,-73.84699526,40.81230971,360050430001004,-73.85156483,40.89236413,21.0,21.0,1,698.8,12228.2,1
360050004004007,-73.84699526,40.81230971,360050516003015,-73.78184118,40.83885427,24.0,24.0,1,778.2,12367.8,1
360050004004007,-73.84699526,40.81230971,360470009001004,-73.98963564,40.69171192,48.0,48.0,2,1377.6,26632.5,1
360050004004007,-73.84699526,40.81230971,360471156001001,-73.89453211,40.66868381,121.0,121.0,1,1296.7,25358.9,1
360050004004007,-73.84699526,40.81230971,360610058001007,-73.99191131,40.74297338,42.625,40.5,8,1087.3,20551.1,1
360050004004007,-73.84699526,40.81230971,360610068006000,-73.98137419,40.74179035,43.0,43.0,1,1008.5,18932.4,1
360050004004007,-73.84699526,40.81230971,360610070001000,-73.97792701,40.74521317,63.5,63.5,2,969.8,18464.9,1
360050004004007,-73.84699526,40.81230971,360610078007000,-73.97171446,40.74673582,34.0,34.0,1,1081.7,18940.1,1
360050004004007,-73.84699526,40.81230971,360610086033000,-73.96497971,40.75461784,39.1555555556,34.0,45,880.4,17043.7,1
360050004004007,-73.84699526,40.81230971,360610090005000,-73.97032724,40.75441731,86.0,86.0,1,878.1,17098.5,1
360050004004007,-73.84699526,40.81230971,360610114012003,-73.97198473,40.76425242,41.3109756098,40.0,164,918.7,16977.5,1
360050004004007,-73.84699526,40.81230971,360610114022001,-73.96785394,40.76414147,49.0,49.0,1,922.4,16958,1
360050004004007,-73.84699526,40.81230971,360610114022003,-73.96876599,40.76289395,31.0,31.0,1,919.2,16920.2,1
360050004004007,-73.84699526,40.81230971,360610121004000,-73.99003736,40.75945283,64.0,64.0,2,1035.1,19141,1
360050004004007,-73.84699526,40.81230971,360610131001003,-73.98161845,40.76081721,83.0,83.0,2,998.7,18496.5,1
360050004004007,-73.84699526,40.81230971,360610133003000,-73.98968377,40.76503076,52.6666666667,58.0,3,1080.4,19606.9,1
360050004004007,-73.84699526,40.81230971,360610151003001,-73.98653187,40.77445675,45.25,44.5,4,1080,19058.2,1
360050004004007,-73.84699526,40.81230971,360610157006000,-73.9799603,40.77835842,32.0,32.0,1,1066.1,17827.7,1
360050004004007,-73.84699526,40.81230971,360610163002000,-73.98313872,40.78221962,58.8936170213,55.0,47,1001.6,19135.3,1
360050004004007,-73.84699526,40.81230971,360610209011002,-73.95346533,40.81074445,28.0,28.0,1,696.2,12069.1,1
360050004004007,-73.84699526,40.81230971,360610273001000,-73.93536382,40.85828403,23.0,23.0,1,636.4,10792.8,1
360050004004007,-73.84699526,40.81230971,360810100001000,-73.82719097,40.67984438,38.25,34.5,4,1198.4,22366.9,1
360050004004007,-73.84699526,40.81230971,360810484001004,-73.76153157,40.71725017,32.0,32.0,2,1020.5,18788.8,1
360050016001000,-73.85989831,40.82070191,360050004002004,-73.85550222,40.81256601,7.0,7.0,1,92.8,1146.6,1
360050016001000,-73.85989831,40.82070191,360050004002007,-73.85501587,40.81046701,0.0,0.0,1,113.1,1417.8,1
360050016001000,-73.85989831,40.82070191,360050019004002,-73.90742431,40.80607887,17.0,17.0,1,334.7,5911.6,1
360050016001000,-73.85989831,40.82070191,360050020002000,-73.86219291,40.81602863,8.5,8.5,2,82.1,691.1,1
360050016001000,-73.85989831,40.82070191,360050020003002,-73.86786511,40.81743236,8.0,8.0,1,159.1,1344.3,1
360050016001000,-73.85989831,40.82070191,360050020004000,-73.86694712,40.81554234,7.0,7.0,2,120.7,1016.2,1
360050016001000,-73.85989831,40.82070191,360050028003001,-73.8789495,40.81990549,20.0,20.0,1,237,2118.7,1
360050016001000,-73.85989831,40.82070191,360050040011003,-73.8585599,40.82758334,13.0,13.0,1,164,1658,1
360050016001000,-73.85989831,40.82070191,360050042003007,-73.8618063,40.82458171,9.0,9.0,1,70.1,586.4,1
360050016001000,-73.85989831,40.82070191,360050042004000,-73.86183044,40.82267692,0.0,0.0,1,36.8,299.9,1
360050016001000,-73.85989831,40.82070191,360050042006003,-73.85705022,40.82371069,10.5,10.5,2,70.1,689.7,1
360050016001000,-73.85989831,40.82070191,360050043001002,-73.9145289,40.81362039,27.75,21.5,4,389.6,5823.1,1
360050016001000,-73.85989831,40.82070191,360050043002005,-73.91746379,40.81385185,18.0,18.0,2,404.1,5952.1,1
360050016001000,-73.85989831,40.82070191,360050061001000,-73.92029901,40.82523768,28.75,27.5,4,392.8,5776.3,1
360050016001000,-73.85989831,40.82070191,360050062001003,-73.87494492,40.83295577,17.0,17.0,1,191.9,2332.9,1
360050016001000,-73.85989831,40.82070191,360050062003000,-73.87652161,40.83480783,24.0,24.0,1,204.6,2602.3,1
360050016001000,-73.85989831,40.82070191,360050065001001,-73.92131776,40.8166347,34.25,34.5,4,392.2,5871.1,1
360050016001000,-73.85989831,40.82070191,360050065002004,-73.9235401,40.81835181,24.3333333333,24.0,3,407.8,6109.9,1
360050016001000,-73.85989831,40.82070191,360050065004003,-73.92012035,40.81708344,23.0,23.0,1,395,5752.9,1
360050016001000,-73.85989831,40.82070191,360050068002003,-73.8717766,40.82806111,13.3636363636,13.0,22,192.8,2227.6,1
360050016001000,-73.85989831,40.82070191,360050068003001,-73.86989759,40.82830741,12.0,11.0,11,184.1,1773.6,1
360050016001000,-73.85989831,40.82070191,360050071002015,-73.91671508,40.81617537,25.0,25.0,1,366.9,5487.9,1
360050016001000,-73.85989831,40.82070191,360050073001004,-73.90756105,40.8133535,15.0,15.0,1,328.2,5006.4,1
360050016001000,-73.85989831,40.82070191,360050074003000,-73.85285767,40.81947564,5.0,5.0,2,83.7,711,1
360050016001000,-73.85989831,40.82070191,360050079004001,-73.90595747,40.81509941,17.0,17.0,1,346.8,4973,1
360050016001000,-73.85989831,40.82070191,360050079005000,-73.90469161,40.81605298,17.0,17.0,2,349.3,4842.5,1
360050016001000,-73.85989831,40.82070191,360050090002010,-73.83660365,40.81905943,19.0,19.0,2,260.5,3589.5,1
360050016001000,-73.85989831,40.82070191,360050096002000,-73.84068107,40.83346857,18.6666666667,22.0,3,212.5,2872,1
360050016001000,-73.85989831,40.82070191,360050096002023,-73.84277623,40.83893876,11.75,11.0,4,246.6,3440.2,1
360050016001000,-73.85989831,40.82070191,360050096002027,-73.84694575,40.83549958,12.0,11.0,6,214.5,2893.1,1
360050016001000,-73.85989831,40.82070191,360050125002003,-73.8961117,40.82985484,15.0,15.0,1,325.3,4387.1,1
360050016001000,-73.85989831,40.82070191,360050129012003,-73.90046054,40.82076639,28.0,21.0,4,263.1,3911.3,1
360050016001000,-73.85989831,40.82070191,360050132004000,-73.81811095,40.81959329,23.5,23.5,2,348,4570,1
360050016001000,-73.85989831,40.82070191,360050133002002,-73.90164097,40.82146544,21.0,21.0,1,309.5,4366.7,1
360050016001000,-73.85989831,40.82070191,360050143001004,-73.91219672,40.82867256,26.1052631579,25.0,19,409.7,5657.2,1
360050016001000,-73.85989831,40.82070191,360050144005000,-73.82347516,40.81975837,11.6666666667,12.0,3,342.4,4614,1
360050016001000,-73.85989831,40.82070191,360050145004003,-73.90963648,40.83139499,28.3333333333,29.5,6,408.6,5792.8,1
360050016001000,-73.85989831,40.82070191,360050147012000,-73.90345753,40.83364219,18.0,18.0,1,385.8,6177.4,1
360050016001000,-73.85989831,40.82070191,360050149003001,-73.90202203,40.83064717,17.0,17.0,1,371.5,4840.1,1
360050016001000,-73.85989831,40.82070191,360050151002001,-73.89754401,40.83241751,17.0,17.0,1,366.2,5198.5,1
360050016001000,-73.85989831,40.82070191,360050152002002,-73.82483178,40.82677499,22.0,22.0,1,306.3,4062.4,1
360050016001000,-73.85989831,40.82070191,360050159001000,-73.89232072,40.82266379,20.0,19.0,3,227.8,3361.9,1
360050016001000,-73.85989831,40.82070191,360050175004001,-73.91300168,40.83247315,28.0,25.0,8,449.1,6082.4,1
360050016001000,-73.85989831,40.82070191,360050177023000,-73.9101058,40.83571833,29.0,29.0,2,454.2,6746.9,1
360050016001000,-73.85989831,40.82070191,360050177024000,-73.91173963,40.83642797,36.0,36.0,1,473.9,6914.9,1
360050016001000,-73.85989831,40.82070191,360050183013001,-73.9201595,40.82998977,47.0,47.0,1,427.2,6407.4,1
360050016001000,-73.85989831,40.82070191,360050183021001,-73.92023839,40.82712479,24.0,24.0,1,412.1,5987.2,1
360050016001000,-73.85989831,40.82070191,360050183022002,-73.91967891,40.82659135,23.0,23.0,1,450.7,6305.1,1
360050016001000,-73.85989831,40.82070191,360050184003003,-73.83289846,40.83613774,15.3333333333,16.0,3,299.2,4164.1,1
360050016001000,-73.85989831,40.82070191,360050184004003,-73.83386472,40.83825485,19.0,19.0,1,307.4,4292.1,1
360050016001000,-73.85989831,40.82070191,360050184004004,-73.83371358,40.83728921,15.5,15.5,2,316.1,4309.8,1
360050016001000,-73.85989831,40.82070191,360050185001004,-73.91116772,40.82692054,24.0,24.0,1,373.5,5256.3,1
360050016001000,-73.85989831,40.82070191,360050185004002,-73.90744023,40.82442044,15.0,15.0,1,312.4,4640.7,1
360050016001000,-73.85989831,40.82070191,360050200002001,-73.84534499,40.84674838,20.25,18.5,8,300.5,4271.9,1
360050016001000,-73.85989831,40.82070191,360050200002004,-73.84526091,40.84466316,26.0,26.0,2,285,4036,1
360050016001000,-73.85989831,40.82070191,360050200003001,-73.84889758,40.84209282,12.0,12.0,3,277.6,3788.3,1
360050016001000,-73.85989831,40.82070191,360050200003002,-73.84791434,40.84166875,16.0,12.0,3,305.1,3970.3,1
360050016001000,-73.85989831,40.82070191,360050204001000,-73.85135212,40.84210834,13.5,13.5,2,265.5,3457.8,1
360050016001000,-73.85989831,40.82070191,360050204002000,-73.84825333,40.8407077,11.0,11.0,1,286.7,3832.2,1
360050016001000,-73.85989831,40.82070191,360050210014000,-73.86070583,40.8400036,14.6666666667,15.0,3,231.4,2895.1,1
360050016001000,-73.85989831,40.82070191,360050210026000,-73.85584488,40.83791378,11.5,11.5,2,234.6,3047.9,1
360050016001000,-73.85989831,40.82070191,360050212005000,-73.85824868,40.83595086,12.0,11.0,9,195.4,2231,1
360050016001000,-73.85989831,40.82070191,360050213021000,-73.92042986,40.84112638,29.0,29.0,1,462.8,7489.1,1
360050016001000,-73.85989831,40.82070191,360050213024001,-73.92148732,40.84100426,33.5,34.5,4,453,7437.5,1
360050016001000,-73.85989831,40.82070191,360050215012000,-73.91851971,40.8499656,41.5,41.5,2,481.8,7460,1
360050016001000,-73.85989831,40.82070191,360050216024000,-73.86268015,40.83704256,13.0,13.0,4,183.2,2102.8,1
360050016001000,-73.85989831,40.82070191,360050218001001,-73.86691633,40.83832131,17.6666666667,20.0,3,205.2,2361.8,1
360050016001000,-73.85989831,40.82070191,360050224032000,-73.86618898,40.85557023,16.0,16.0,1,349.4,5427.5,1
360050016001000,-73.85989831,40.82070191,360050228004000,-73.86437478,40.85339716,16.0,16.0,1,339.1,4068,1
360050016001000,-73.85989831,40.82070191,360050233021001,-73.90535428,40.84869135,24.0,24.0,1,380,6102.4,1
360050016001000,-73.85989831,40.82070191,360050235013000,-73.90372631,40.8531617,46.0,46.0,1,412,6712.9,1
360050016001000,-73.85989831,40.82070191,360050235024002,-73.90269022,40.85271656,33.0,33.0,1,387.2,6257.3,1
360050016001000,-73.85989831,40.82070191,360050239006000,-73.90178206,40.85918573,33.6,30.0,5,478.4,7443.4,1
360050016001000,-73.85989831,40.82070191,360050244001003,-73.85859859,40.84614043,15.0,15.0,1,281.8,3725.2,1
360050016001000,-73.85989831,40.82070191,360050245011000,-73.91426927,40.85233243,23.0,23.0,1,457,7300.9,1
360050016001000,-73.85989831,40.82070191,360050252001000,-73.85583247,40.84962744,20.8888888889,17.0,9,312.8,4161,1
360050016001000,-73.85989831,40.82070191,360050252001003,-73.856173,40.84726429,14.6666666667,12.0,9,332.9,4288.8,1
360050016001000,-73.85989831,40.82070191,360050252002005,-73.85209817,40.84485307,11.5,11.5,2,345.3,4585.9,1
360050016001000,-73.85989831,40.82070191,360050261001000,-73.90572053,40.86706033,46.4074074074,45.0,27,594,9281.4,1
360050016001000,-73.85989831,40.82070191,360050263005000,-73.90277405,40.86707049,39.6666666667,29.0,3,523.3,8456.8,1
360050016001000,-73.85989831,40.82070191,360050267022000,-73.89886045,40.8705276,22.75,24.0,4,541.1,8689.1,1
360050016001000,-73.85989831,40.82070191,360050284001010,-73.83926928,40.85007079,24.6388888889,22.0,36,393.8,4864.3,1
360050016001000,-73.85989831,40.82070191,360050284001020,-73.84192237,40.8419987,38.0,38.0,1,267.4,3662.6,1
360050016001000,-73.85989831,40.82070191,360050286002002,-73.84808239,40.84679283,24.0,24.0,1,300.5,4259,1
360050016001000,-73.85989831,40.82070191,360050288003000,-73.85520767,40.85635807,13.0,13.0,1,368.7,5110.2,1
360050016001000,-73.85989831,40.82070191,360050289004001,-73.90594525,40.87985032,0.0,0.0,1,646.9,11120.7,1
360050016001000,-73.85989831,40.82070191,360050295001003,-73.90934204,40.8860785,46.3,30.5,10,739,11909.9,1
360050016001000,-73.85989831,40.82070191,360050296002000,-73.84623573,40.85443755,30.7777777778,30.5,18,435.1,5256.7,1
360050016001000,-73.85989831,40.82070191,360050297002000,-73.91077971,40.88468163,54.0,54.0,1,738.1,11696,1
360050016001000,-73.85989831,40.82070191,360050300001000,-73.8277949,40.85216061,17.0,17.0,1,370.1,5306.8,1
360050016001000,-73.85989831,40.82070191,360050300001002,-73.83064663,40.8505563,27.0,27.0,1,366.5,4997.6,1
360050016001000,-73.85989831,40.82070191,360050302004003,-73.82200787,40.86247467,19.0,19.0,1,415.8,7218.8,1
360050016001000,-73.85989831,40.82070191,360050310001002,-73.83283308,40.85966515,18.0,18.0,1,439.7,7583.7,1
360050016001000,-73.85989831,40.82070191,360050310002002,-73.83481076,40.86354391,22.0,22.0,1,410,7480.2,1
360050016001000,-73.85989831,40.82070191,360050312001002,-73.8439005,40.86400755,26.0,26.0,1,448.3,6324.5,1
360050016001000,-73.85989831,40.82070191,360050312002004,-73.84246961,40.86020043,35.0,35.0,1,420.2,5920.7,1
360050016001000,-73.85989831,40.82070191,360050326003004,-73.85467775,40.85887097,27.0,27.0,2,390.1,5508.6,1
360050016001000,-73.85989831,40.82070191,360050340004002,-73.86301393,40.8666735,29.0,29.0,1,389.2,6258.9,1
360050016001000,-73.85989831,40.82070191,360050344002002,-73.8571542,40.87055467,41.0,41.0,1,427.2,6890.1,1
360050016001000,-73.85989831,40.82070191,360050348001002,-73.8512917,40.87186078,24.8387096774,20.0,31,459.9,7443.3,1
360050016001000,-73.85989831,40.82070191,360050348001009,-73.85609488,40.87218733,16.0,16.0,1,443,7099.9,1
360050016001000,-73.85989831,40.82070191,360050358002002,-73.84004739,40.87537066,21.0,21.0,1,538.1,9249,1
360050016001000,-73.85989831,40.82070191,360050358006000,-73.84620761,40.87573611,20.0,19.0,3,496.2,8201.1,1
360050016001000,-73.85989831,40.82070191,360050361003001,-73.87817661,40.84195578,26.5,26.5,2,279.3,3685,1
360050016001000,-73.85989831,40.82070191,360050364002000,-73.84797845,40.87517258,25.5,25.5,2,493.6,8035.4,1
360050016001000,-73.85989831,40.82070191,360050371002004,-73.89026544,40.8455719,19.5,19.5,2,329.1,4601,1
360050016001000,-73.85989831,40.82070191,360050375043003,-73.89460019,40.84696994,30.0,30.0,1,336.1,5339.7,1
360050016001000,-73.85989831,40.82070191,360050380004007,-73.8627777,40.87656838,22.35,22.5,20,470,8219,1
360050016001000,-73.85989831,40.82070191,360050385001008,-73.89218056,40.85761897,42.0,42.0,1,423.6,6621.8,1
360050016001000,-73.85989831,40.82070191,360050385004004,-73.8919868,40.85369605,19.0,19.0,1,411.4,6330.7,1
360050016001000,-73.85989831,40.82070191,360050387001000,-73.89001579,40.86023672,26.8333333333,23.5,6,394.7,6791.3,1
360050016001000,-73.85989831,40.82070191,360050391005000,-73.88887299,40.85477022,30.0,30.0,1,427.6,6854.2,1
360050016001000,-73.85989831,40.82070191,360050395003004,-73.89831851,40.84784098,22.0,22.0,1,352.2,5559.6,1
360050016001000,-73.85989831,40.82070191,360050396004002,-73.85933016,40.88518687,20.0,20.0,1,513.4,8849.4,1
360050016001000,-73.85989831,40.82070191,360050399013001,-73.89147631,40.86303356,0.0,0.0,2,464.8,7502.1,1
360050016001000,-73.85989831,40.82070191,360050401005000,-73.89703856,40.86346364,33.0,33.0,1,455.3,7832,1
360050016001000,-73.85989831,40.82070191,360050407021001,-73.88432906,40.86740577,39.0,39.0,2,419.3,7261.7,1
360050016001000,-73.85989831,40.82070191,360050408002001,-73.86019259,40.8893848,34.0,34.0,1,535.5,9177.1,1
360050016001000,-73.85989831,40.82070191,360050413003000,-73.88474651,40.87552228,41.5,41.5,2,480.6,8218.1,1
360050016001000,-73.85989831,40.82070191,360050414002000,-73.85038888,40.90433972,27.0,27.0,1,640.2,11454.4,1
360050016001000,-73.85989831,40.82070191,360050418003001,-73.85987189,40.89592655,21.0,21.0,2,508.6,9709.3,1
360050016001000,-73.85989831,40.82070191,360050419001000,-73.87871572,40.8787905,29.0,29.0,2,486.5,8395.6,1
360050016001000,-73.85989831,40.82070191,360050419001001,-73.8797585,40.87880603,25.0,25.0,2,500.4,8498.9,1
360050016001000,-73.85989831,40.82070191,360050419004000,-73.88294801,40.87979076,34.0,34.0,1,497,8372.9,1
360050016001000,-73.85989831,40.82070191,360050420001002,-73.86149395,40.89312396,26.1428571429,26.0,7,595.1,9764.9,1
360050016001000,-73.85989831,40.82070191,360050420003000,-73.85894654,40.89189823,30.0,30.0,1,579.8,10332.8,1
360050016001000,-73.85989831,40.82070191,360050421001000,-73.88011585,40.88078773,32.1818181818,27.0,11,461.4,8231.7,1
360050016001000,-73.85989831,40.82070191,360050421001001,-73.87829669,40.88019326,29.2857142857,21.0,7,467.9,8235.6,1
360050016001000,-73.85989831,40.82070191,360050425005001,-73.87621439,40.87111446,25.0,25.0,1,463.7,7963.3,1
360050016001000,-73.85989831,40.82070191,360050426006000,-73.84006856,40.89221732,18.5,18.5,2,655.5,10791.3,1
360050016001000,-73.85989831,40.82070191,360050431007001,-73.8778347,40.88147373,22.0,22.0,1,460.1,8140.8,1
360050016001000,-73.85989831,40.82070191,360050434004004,-73.85630382,40.89352143,18.0,18.0,1,570.5,10372.9,1
360050016001000,-73.85989831,40.82070191,360050460001004,-73.83958312,40.88180572,31.0,31.0,1,546.3,9538.1,1
360050016001000,-73.85989831,40.82070191,360050462011024,-73.82498083,40.86756065,23.5,21.0,4,501.4,8689.1,1
360050016001000,-73.85989831,40.82070191,360050462011034,-73.82775499,40.8643807,19.0,19.0,1,446.2,8036.2,1
360050016001000,-73.85989831,40.82070191,360050462013000,-73.82896878,40.87718414,30.8095238095,27.0,21,544.4,9410.3,1
360050016001000,-73.85989831,40.82070191,360050462023002,-73.83548583,40.8772613,20.0,20.0,4,502.9,8915.4,1
360050016001000,-73.85989831,40.82070191,360050462025003,-73.83749245,40.87421229,27.3333333333,22.5,6,504.1,8766.7,1
360050016001000,-73.85989831,40.82070191,360050516002000,-73.79025453,40.85273009,22.0,22.0,1,596.9,10219,1
360050016001000,-73.85989831,40.82070191,360050516004011,-73.78452984,40.83900701,34.0,34.0,1,722.6,11968.3,1
360050016001000,-73.85989831,40.82070191,360470009001001,-73.99159153,40.69367009,47.0,47.0,1,1274.3,24991.1,1
360050016001000,-73.85989831,40.82070191,360470009001004,-73.98963564,40.69171192,61.3333333333,56.0,3,1255,24920.5,1
360050016001000,